ID,Year,District,District_Id,Usage_Type,Count,Using_Count,Amount
1501,2016,ADALAR,1103,YABANCI TEMSİLCİLİK,7,7,5617081.0
1502,2016,ADALAR,1103,TİCARİ,756,733,5617081.0
1503,2016,ADALAR,1103,RESMİ KURUM,357,350,5617081.0
1504,2016,ADALAR,1103,MESKEN,8456,8298,5617081.0
1505,2016,ADALAR,1103,İBADETHANE,9,8,5617081.0
1506,2016,ADALAR,1103,HAYIR KURUMU VE MÜZE,24,24,5617081.0
1507,2016,ARNAVUTKÖY,2048,TİCARİ,3162,28458,80770160.0
1508,2016,ARNAVUTKÖY,2048,SANAYİ TESİSLERİ,1693,1596,80770160.0
1509,2016,ARNAVUTKÖY,2048,RESMİ KURUM,2307,2187,80770160.0
1510,2016,ARNAVUTKÖY,2048,MESKEN,90872,87417,80770160.0
1511,2016,ARNAVUTKÖY,2048,İBADETHANE,119,107,80770160.0
1512,2016,ARNAVUTKÖY,2048,HAYIR KURUMU VE MÜZE,61,52,80770160.0
1513,2016,ATAŞEHİR,2049,TİCARİ,27209,24029,168598438.0
1514,2016,ATAŞEHİR,2049,SANAYİ TESİSLERİ,93,93,168598438.0
1515,2016,ATAŞEHİR,2049,RESMİ KURUM,3184,3136,168598438.0
1516,2016,ATAŞEHİR,2049,MESKEN,162043,159459,168598438.0
1517,2016,ATAŞEHİR,2049,İBADETHANE,156,146,168598438.0
1518,2016,ATAŞEHİR,2049,HAYIR KURUMU VE MÜZE,77,44,168598438.0
1519,2016,AVCILAR,2003,TİCARİ,14708,12434,149037470.0
1520,2016,AVCILAR,2003,SANAYİ TESİSLERİ,2183,2183,149037470.0
1521,2016,AVCILAR,2003,RESMİ KURUM,571,561,149037470.0
1522,2016,AVCILAR,2003,MESKEN,152452,150035,149037470.0
1523,2016,AVCILAR,2003,İBADETHANE,38,37,149037470.0
1524,2016,AVCILAR,2003,HAYIR KURUMU VE MÜZE,128,124,149037470.0
1525,2016,BAĞCILAR,2004,TİCARİ,31869,26869,205140332.0
1526,2016,BAĞCILAR,2004,SANAYİ TESİSLERİ,891,891,205140332.0
1527,2016,BAĞCILAR,2004,RESMİ KURUM,5755,5734,205140332.0
1528,2016,BAĞCILAR,2004,MESKEN,228188,223451,205140332.0
1529,2016,BAĞCILAR,2004,İBADETHANE,190,185,205140332.0
1530,2016,BAĞCILAR,2004,HAYIR KURUMU VE MÜZE,188,184,205140332.0
1531,2016,BAHÇELİEVLER,2005,TİCARİ,27152,24265,209965184.0
1532,2016,BAHÇELİEVLER,2005,SANAYİ TESİSLERİ,1139,1139,209965184.0
1533,2016,BAHÇELİEVLER,2005,RESMİ KURUM,4823,4716,209965184.0
1534,2016,BAHÇELİEVLER,2005,MESKEN,205841,203372,209965184.0
1535,2016,BAHÇELİEVLER,2005,İBADETHANE,304,300,209965184.0
1536,2016,BAHÇELİEVLER,2005,HAYIR KURUMU VE MÜZE,228,225,209965184.0
1537,2016,BAKIRKÖY,1166,YABANCI TEMSİLCİLİK,8,7,190013635.0
1538,2016,BAKIRKÖY,1166,TİCARİ,25376,23883,190013635.0
1539,2016,BAKIRKÖY,1166,SANAYİ TESİSLERİ,231,231,190013635.0
1540,2016,BAKIRKÖY,1166,RESMİ KURUM,9755,9551,190013635.0
1541,2016,BAKIRKÖY,1166,MESKEN,102096,100727,190013635.0
1542,2016,BAKIRKÖY,1166,İBADETHANE,206,196,190013635.0
1543,2016,BAKIRKÖY,1166,HAYIR KURUMU VE MÜZE,148,135,190013635.0
1545,2016,BAŞAKŞEHİR,2050,TİCARİ,39292,19188,138150604.0
1546,2016,BAŞAKŞEHİR,2050,SANAYİ TESİSLERİ,885,885,138150604.0
1547,2016,BAŞAKŞEHİR,2050,RESMİ KURUM,305,2936,138150604.0
1548,2016,BAŞAKŞEHİR,2050,MESKEN,135195,132054,138150604.0
1549,2016,BAŞAKŞEHİR,2050,İBADETHANE,131,120,138150604.0
1550,2016,BAŞAKŞEHİR,2050,HAYIR KURUMU VE MÜZE,99,99,138150604.0
1552,2016,BAYRAMPAŞA,1886,TİCARİ,18506,15069,87102593.0
1553,2016,BAYRAMPAŞA,1886,SANAYİ TESİSLERİ,264,264,87102593.0
1554,2016,BAYRAMPAŞA,1886,RESMİ KURUM,2762,2736,87102593.0
1555,2016,BAYRAMPAŞA,1886,MESKEN,94267,93306,87102593.0
1556,2016,BAYRAMPAŞA,1886,İBADETHANE,280,274,87102593.0
1557,2016,BAYRAMPAŞA,1886,HAYIR KURUMU VE MÜZE,87,86,87102593.0
1558,2016,BEŞİKTAŞ,1183,YABANCI TEMSİLCİLİK,179,179,164077136.0
1559,2016,BEŞİKTAŞ,1183,TİCARİ,28618,26106,164077136.0
1560,2016,BEŞİKTAŞ,1183,SANAYİ TESİSLERİ,2682,2682,164077136.0
1561,2016,BEŞİKTAŞ,1183,RESMİ KURUM,12669,11438,164077136.0
1562,2016,BEŞİKTAŞ,1183,MESKEN,94895,91793,164077136.0
1563,2016,BEŞİKTAŞ,1183,İBADETHANE,122,120,164077136.0
1564,2016,BEŞİKTAŞ,1183,HAYIR KURUMU VE MÜZE,94,94,164077136.0
1565,2016,BEYKOZ,1185,TİCARİ,10697,9695,104520533.0
1566,2016,BEYKOZ,1185,SANAYİ TESİSLERİ,228,228,104520533.0
1567,2016,BEYKOZ,1185,RESMİ KURUM,3301,3142,104520533.0
1568,2016,BEYKOZ,1185,MESKEN,92624,88237,104520533.0
1569,2016,BEYKOZ,1185,İBADETHANE,211,210,104520533.0
1570,2016,BEYKOZ,1185,HAYIR KURUMU VE MÜZE,16,16,104520533.0
1572,2016,BEYLİKDÜZÜ,2051,TİCARİ,15131,12765,144896436.0
1573,2016,BEYLİKDÜZÜ,2051,SANAYİ TESİSLERİ,457,457,144896436.0
1574,2016,BEYLİKDÜZÜ,2051,RESMİ KURUM,2585,2504,144896436.0
1575,2016,BEYLİKDÜZÜ,2051,MESKEN,137838,134605,144896436.0
1576,2016,BEYLİKDÜZÜ,2051,İBADETHANE,88,82,144896436.0
1577,2016,BEYLİKDÜZÜ,2051,HAYIR KURUMU VE MÜZE,100,96,144896436.0
1579,2016,BEYOĞLU,1186,YABANCI TEMSİLCİLİK,475,475,94963903.0
1580,2016,BEYOĞLU,1186,TİCARİ,27473,25943,94963903.0
1581,2016,BEYOĞLU,1186,SANAYİ TESİSLERİ,347,347,94963903.0
1582,2016,BEYOĞLU,1186,RESMİ KURUM,3735,3666,94963903.0
1583,2016,BEYOĞLU,1186,MESKEN,79668,78118,94963903.0
1584,2016,BEYOĞLU,1186,İBADETHANE,181,178,94963903.0
1585,2016,BEYOĞLU,1186,HAYIR KURUMU VE MÜZE,240,238,94963903.0
1586,2016,BÜYÜKÇEKMECE,1782,TİCARİ,12648,9921,98293513.0
1587,2016,BÜYÜKÇEKMECE,1782,SANAYİ TESİSLERİ,58,58,98293513.0
1588,2016,BÜYÜKÇEKMECE,1782,RESMİ KURUM,2674,2614,98293513.0
1589,2016,BÜYÜKÇEKMECE,1782,MESKEN,116142,109701,98293513.0
1590,2016,BÜYÜKÇEKMECE,1782,İBADETHANE,86,81,98293513.0
1591,2016,BÜYÜKÇEKMECE,1782,HAYIR KURUMU VE MÜZE,103,99,98293513.0
1592,2016,ÇATALCA,1237,TİCARİ,2864,1983,8606303.0
1593,2016,ÇATALCA,1237,SANAYİ TESİSLERİ,93,93,8606303.0
1594,2016,ÇATALCA,1237,RESMİ KURUM,721,702,8606303.0
1595,2016,ÇATALCA,1237,MESKEN,23141,22155,8606303.0
1596,2016,ÇATALCA,1237,İBADETHANE,32,32,8606303.0
1597,2016,ÇATALCA,1237,HAYIR KURUMU VE MÜZE,27,6,8606303.0
1598,2016,ÇEKMEKÖY,2052,TİCARİ,9444,7656,89681285.0
1599,2016,ÇEKMEKÖY,2052,SANAYİ TESİSLERİ,121,121,89681285.0
1600,2016,ÇEKMEKÖY,2052,RESMİ KURUM,2654,2631,89681285.0
1601,2016,ÇEKMEKÖY,2052,MESKEN,101823,97305,89681285.0
1602,2016,ÇEKMEKÖY,2052,İBADETHANE,98,80,89681285.0
1603,2016,ÇEKMEKÖY,2052,HAYIR KURUMU VE MÜZE,33,33,89681285.0
1604,2016,ESENLER,2016,TİCARİ,11629,9875,105525464.0
1605,2016,ESENLER,2016,SANAYİ TESİSLERİ,766,766,105525464.0
1606,2016,ESENLER,2016,RESMİ KURUM,3374,2692,105525464.0
1607,2016,ESENLER,2016,MESKEN,135148,134537,105525464.0
1608,2016,ESENLER,2016,İBADETHANE,82,81,105525464.0
1609,2016,ESENLER,2016,HAYIR KURUMU VE MÜZE,141,139,105525464.0
1611,2016,ESENYURT,2053,TİCARİ,35013,25527,324121821.0
1612,2016,ESENYURT,2053,SANAYİ TESİSLERİ,4748,4748,324121821.0
1613,2016,ESENYURT,2053,RESMİ KURUM,3219,2988,324121821.0
1614,2016,ESENYURT,2053,MESKEN,349472,335846,324121821.0
1615,2016,ESENYURT,2053,İBADETHANE,166,127,324121821.0
1616,2016,ESENYURT,2053,HAYIR KURUMU VE MÜZE,168,169,324121821.0
1617,2016,EYÜPSULTAN,1325,DİĞER,83,31,149570502.0
1618,2016,EYÜPSULTAN,1325,TİCARİ,11886,10331,149570502.0
1619,2016,EYÜPSULTAN,1325,SANAYİ TESİSLERİ,229,229,149570502.0
1620,2016,EYÜPSULTAN,1325,RESMİ KURUM,4147,3888,149570502.0
1621,2016,EYÜPSULTAN,1325,MESKEN,145385,142289,149570502.0
1622,2016,EYÜPSULTAN,1325,İBADETHANE,143,147,149570502.0
1623,2016,EYÜPSULTAN,1325,HAYIR KURUMU VE MÜZE,297,295,149570502.0
1624,2016,FATİH,1327,YABANCI TEMSİLCİLİK,20,20,157412989.0
1625,2016,FATİH,1327,TİCARİ,38592,36623,157412989.0
1626,2016,FATİH,1327,SANAYİ TESİSLERİ,184,184,157412989.0
1627,2016,FATİH,1327,RESMİ KURUM,18731,15245,157412989.0
1628,2016,FATİH,1327,MESKEN,143667,141044,157412989.0
1629,2016,FATİH,1327,İBADETHANE,738,717,157412989.0
1630,2016,FATİH,1327,HAYIR KURUMU VE MÜZE,894,839,157412989.0
1631,2016,GAZİOSMANPAŞA,1336,TİCARİ,10901,9676,145371835.0
1632,2016,GAZİOSMANPAŞA,1336,SANAYİ TESİSLERİ,109,109,145371835.0
1633,2016,GAZİOSMANPAŞA,1336,RESMİ KURUM,1915,184,145371835.0
1634,2016,GAZİOSMANPAŞA,1336,MESKEN,155852,154082,145371835.0
1635,2016,GAZİOSMANPAŞA,1336,İBADETHANE,182,174,145371835.0
1636,2016,GAZİOSMANPAŞA,1336,HAYIR KURUMU VE MÜZE,257,257,145371835.0
1637,2016,GÜNGÖREN,2010,TİCARİ,15843,14329,96537360.0
1638,2016,GÜNGÖREN,2010,SANAYİ TESİSLERİ,637,637,96537360.0
1639,2016,GÜNGÖREN,2010,RESMİ KURUM,1631,1599,96537360.0
1640,2016,GÜNGÖREN,2010,MESKEN,97971,96957,96537360.0
1641,2016,GÜNGÖREN,2010,İBADETHANE,213,205,96537360.0
1642,2016,GÜNGÖREN,2010,HAYIR KURUMU VE MÜZE,73,73,96537360.0
1643,2016,KADIKÖY,1421,TİCARİ,31695,28899,270682895.0
1644,2016,KADIKÖY,1421,SANAYİ TESİSLERİ,42,42,270682895.0
1645,2016,KADIKÖY,1421,RESMİ KURUM,8615,8453,270682895.0
1646,2016,KADIKÖY,1421,MESKEN,259619,244007,270682895.0
1647,2016,KADIKÖY,1421,İBADETHANE,270,251,270682895.0
1648,2016,KADIKÖY,1421,HAYIR KURUMU VE MÜZE,226,222,270682895.0
1649,2016,KAĞITHANE,1810,YABANCI TEMSİLCİLİK,8,8,147470332.0
1650,2016,KAĞITHANE,1810,TİCARİ,19064,171,147470332.0
1651,2016,KAĞITHANE,1810,SANAYİ TESİSLERİ,15,15,147470332.0
1652,2016,KAĞITHANE,1810,RESMİ KURUM,2655,2593,147470332.0
1653,2016,KAĞITHANE,1810,MESKEN,162753,159045,147470332.0
1654,2016,KAĞITHANE,1810,İBADETHANE,299,297,147470332.0
1655,2016,KAĞITHANE,1810,HAYIR KURUMU VE MÜZE,112,112,147470332.0
1656,2016,KARTAL,1449,TİCARİ,15594,13827,161535236.0
1657,2016,KARTAL,1449,SANAYİ TESİSLERİ,138,138,161535236.0
1658,2016,KARTAL,1449,RESMİ KURUM,10259,9853,161535236.0
1659,2016,KARTAL,1449,MESKEN,185861,181444,161535236.0
1660,2016,KARTAL,1449,İBADETHANE,208,183,161535236.0
1661,2016,KARTAL,1449,HAYIR KURUMU VE MÜZE,263,263,161535236.0
1663,2016,KÜÇÜKÇEKMECE,1823,TİCARİ,2059,17954,260946252.0
1664,2016,KÜÇÜKÇEKMECE,1823,SANAYİ TESİSLERİ,376,376,260946252.0
1665,2016,KÜÇÜKÇEKMECE,1823,RESMİ KURUM,7482,7405,260946252.0
1666,2016,KÜÇÜKÇEKMECE,1823,MESKEN,273772,270695,260946252.0
1667,2016,KÜÇÜKÇEKMECE,1823,İBADETHANE,216,212,260946252.0
1668,2016,KÜÇÜKÇEKMECE,1823,HAYIR KURUMU VE MÜZE,344,334,260946252.0
1670,2016,MALTEPE,2012,TİCARİ,19294,17511,182254659.0
1671,2016,MALTEPE,2012,SANAYİ TESİSLERİ,3,3,182254659.0
1672,2016,MALTEPE,2012,RESMİ KURUM,6796,6652,182254659.0
1673,2016,MALTEPE,2012,MESKEN,201965,196969,182254659.0
1674,2016,MALTEPE,2012,İBADETHANE,225,214,182254659.0
1675,2016,MALTEPE,2012,HAYIR KURUMU VE MÜZE,212,212,182254659.0
1676,2016,PENDİK,1835,TİCARİ,32136,27487,236551227.0
1677,2016,PENDİK,1835,SANAYİ TESİSLERİ,220,219,236551227.0
1678,2016,PENDİK,1835,RESMİ KURUM,7917,7523,236551227.0
1679,2016,PENDİK,1835,MESKEN,252802,246867,236551227.0
1680,2016,PENDİK,1835,İBADETHANE,225,210,236551227.0
1681,2016,PENDİK,1835,HAYIR KURUMU VE MÜZE,160,158,236551227.0
1682,2016,SANCAKTEPE,2054,TİCARİ,14104,11653,121822633.0
1683,2016,SANCAKTEPE,2054,SANAYİ TESİSLERİ,378,378,121822633.0
1684,2016,SANCAKTEPE,2054,RESMİ KURUM,2529,2366,121822633.0
1685,2016,SANCAKTEPE,2054,MESKEN,146871,142672,121822633.0
1686,2016,SANCAKTEPE,2054,İBADETHANE,176,168,121822633.0
1687,2016,SANCAKTEPE,2054,HAYIR KURUMU VE MÜZE,69,69,121822633.0
1688,2016,SARIYER,1604,YABANCI TEMSİLCİLİK,193,193,188481009.0
1689,2016,SARIYER,1604,TİCARİ,24947,22947,188481009.0
1690,2016,SARIYER,1604,SANAYİ TESİSLERİ,1033,1033,188481009.0
1691,2016,SARIYER,1604,RESMİ KURUM,11032,10652,188481009.0
1692,2016,SARIYER,1604,MESKEN,14874,143257,188481009.0
1693,2016,SARIYER,1604,İBADETHANE,197,190,188481009.0
1694,2016,SARIYER,1604,HAYIR KURUMU VE MÜZE,139,138,188481009.0
1695,2016,SİLİVRİ,1622,TİCARİ,10086,8948,91277117.0
1696,2016,SİLİVRİ,1622,SANAYİ TESİSLERİ,493,493,91277117.0
1697,2016,SİLİVRİ,1622,RESMİ KURUM,7034,7076,91277117.0
1698,2016,SİLİVRİ,1622,MESKEN,84719,7826,91277117.0
1699,2016,SİLİVRİ,1622,İBADETHANE,58,56,91277117.0
1700,2016,SULTANBEYLİ,2014,TİCARİ,8948,5998,72039553.0
1701,2016,SULTANBEYLİ,2014,SANAYİ TESİSLERİ,24,24,72039553.0
1702,2016,SULTANBEYLİ,2014,RESMİ KURUM,2075,198,72039553.0
1703,2016,SULTANBEYLİ,2014,MESKEN,91136,88986,72039553.0
1704,2016,SULTANBEYLİ,2014,İBADETHANE,223,208,72039553.0
1705,2016,SULTANBEYLİ,2014,HAYIR KURUMU VE MÜZE,17,16,72039553.0
1706,2016,SULTANGAZİ,2055,TİCARİ,11383,8475,136453818.0
1707,2016,SULTANGAZİ,2055,SANAYİ TESİSLERİ,149,149,136453818.0
1708,2016,SULTANGAZİ,2055,RESMİ KURUM,2869,2712,136453818.0
1709,2016,SULTANGAZİ,2055,MESKEN,158745,156804,136453818.0
1710,2016,SULTANGAZİ,2055,İBADETHANE,146,131,136453818.0
1711,2016,SULTANGAZİ,2055,HAYIR KURUMU VE MÜZE,120,115,136453818.0
1712,2016,ŞİLE,1659,TİCARİ,2634,2151,17189573.0
1713,2016,ŞİLE,1659,SANAYİ TESİSLERİ,3,3,17189573.0
1714,2016,ŞİLE,1659,RESMİ KURUM,1119,941,17189573.0
1715,2016,ŞİLE,1659,MESKEN,21623,20324,17189573.0
1716,2016,ŞİLE,1659,İBADETHANE,41,37,17189573.0
1717,2016,ŞİLE,1659,HAYIR KURUMU VE MÜZE,11,10,17189573.0
1718,2016,ŞİŞLİ,1663,YABANCI TEMSİLCİLİK,114,114,168738500.0
1719,2016,ŞİŞLİ,1663,TİCARİ,48171,43068,168738500.0
1720,2016,ŞİŞLİ,1663,SANAYİ TESİSLERİ,260,260,168738500.0
1721,2016,ŞİŞLİ,1663,RESMİ KURUM,9188,9133,168738500.0
1722,2016,ŞİŞLİ,1663,MESKEN,133158,130024,168738500.0
1723,2016,ŞİŞLİ,1663,İBADETHANE,156,148,168738500.0
1724,2016,ŞİŞLİ,1663,HAYIR KURUMU VE MÜZE,337,336,168738500.0
1726,2016,TUZLA,2015,TİCARİ,26087,17826,197805249.0
1727,2016,TUZLA,2015,SANAYİ TESİSLERİ,717,717,197805249.0
1728,2016,TUZLA,2015,RESMİ KURUM,5609,5488,197805249.0
1729,2016,TUZLA,2015,MESKEN,103052,97962,197805249.0
1730,2016,TUZLA,2015,İBADETHANE,115,112,197805249.0
1731,2016,TUZLA,2015,HAYIR KURUMU VE MÜZE,32,32,197805249.0
1733,2016,ÜMRANİYE,1852,TİCARİ,40873,33423,257021653.0
1734,2016,ÜMRANİYE,1852,SANAYİ TESİSLERİ,641,641,257021653.0
1735,2016,ÜMRANİYE,1852,RESMİ KURUM,4276,4142,257021653.0
1736,2016,ÜMRANİYE,1852,MESKEN,251302,24631,257021653.0
1737,2016,ÜMRANİYE,1852,İBADETHANE,316,304,257021653.0
1738,2016,ÜMRANİYE,1852,HAYIR KURUMU VE MÜZE,233,219,257021653.0
1739,2016,ÜSKÜDAR,1708,TİCARİ,24594,22101,228846400.0
1740,2016,ÜSKÜDAR,1708,SANAYİ TESİSLERİ,2,2,228846400.0
1741,2016,ÜSKÜDAR,1708,RESMİ KURUM,9211,8828,228846400.0
1742,2016,ÜSKÜDAR,1708,MESKEN,20742,201002,228846400.0
1743,2016,ÜSKÜDAR,1708,İBADETHANE,404,375,228846400.0
1744,2016,ÜSKÜDAR,1708,HAYIR KURUMU VE MÜZE,469,460,228846400.0
1745,2016,ZEYTİNBURNU,1739,TİCARİ,16093,14498,94703330.0
1746,2016,ZEYTİNBURNU,1739,SANAYİ TESİSLERİ,89,89,94703330.0
1747,2016,ZEYTİNBURNU,1739,RESMİ KURUM,4869,4349,94703330.0
1748,2016,ZEYTİNBURNU,1739,MESKEN,91864,8915,94703330.0
1749,2016,ZEYTİNBURNU,1739,İBADETHANE,95,95,94703330.0
1750,2016,ZEYTİNBURNU,1739,HAYIR KURUMU VE MÜZE,163,92,94703330.0
1751,2017,ADALAR,1103,YABANCI TEMSİLCİLİK,7,7,6657897.0
1752,2017,ADALAR,1103,TİCARİ,756,733,6657897.0
1753,2017,ADALAR,1103,RESMİ KURUM,357,350,6657897.0
1754,2017,ADALAR,1103,MESKEN,8456,8298,6657897.0
1755,2017,ADALAR,1103,İBADETHANE,9,8,6657897.0
1756,2017,ADALAR,1103,HAYIR KURUMU VE MÜZE,24,24,6657897.0
1757,2017,ARNAVUTKÖY,2048,TİCARİ,3162,28458,131882468.0
1758,2017,ARNAVUTKÖY,2048,SANAYİ TESİSLERİ,1693,1596,131882468.0
1759,2017,ARNAVUTKÖY,2048,RESMİ KURUM,2307,2187,131882468.0
1760,2017,ARNAVUTKÖY,2048,MESKEN,90872,87417,131882468.0
1761,2017,ARNAVUTKÖY,2048,İBADETHANE,119,107,131882468.0
1762,2017,ARNAVUTKÖY,2048,HAYIR KURUMU VE MÜZE,61,52,131882468.0
1763,2017,ATAŞEHİR,2049,TİCARİ,27209,24029,185980169.0
1764,2017,ATAŞEHİR,2049,SANAYİ TESİSLERİ,93,93,185980169.0
1765,2017,ATAŞEHİR,2049,RESMİ KURUM,3184,3136,185980169.0
1766,2017,ATAŞEHİR,2049,MESKEN,162043,159459,185980169.0
1767,2017,ATAŞEHİR,2049,İBADETHANE,156,146,185980169.0
1768,2017,ATAŞEHİR,2049,HAYIR KURUMU VE MÜZE,77,44,185980169.0
1769,2017,AVCILAR,2003,TİCARİ,14708,12434,164075772.0
1770,2017,AVCILAR,2003,SANAYİ TESİSLERİ,2183,2183,164075772.0
1771,2017,AVCILAR,2003,RESMİ KURUM,571,561,164075772.0
1772,2017,AVCILAR,2003,MESKEN,152452,150035,164075772.0
1773,2017,AVCILAR,2003,İBADETHANE,38,37,164075772.0
1774,2017,AVCILAR,2003,HAYIR KURUMU VE MÜZE,128,124,164075772.0
1775,2017,BAĞCILAR,2004,TİCARİ,31869,26869,225835810.0
1776,2017,BAĞCILAR,2004,SANAYİ TESİSLERİ,891,891,225835810.0
1777,2017,BAĞCILAR,2004,RESMİ KURUM,5755,5734,225835810.0
1778,2017,BAĞCILAR,2004,MESKEN,228188,223451,225835810.0
1779,2017,BAĞCILAR,2004,İBADETHANE,190,185,225835810.0
1780,2017,BAĞCILAR,2004,HAYIR KURUMU VE MÜZE,188,184,225835810.0
1781,2017,BAHÇELİEVLER,2005,TİCARİ,27152,24265,220608665.0
1782,2017,BAHÇELİEVLER,2005,SANAYİ TESİSLERİ,1139,1139,220608665.0
1783,2017,BAHÇELİEVLER,2005,RESMİ KURUM,4823,4716,220608665.0
1784,2017,BAHÇELİEVLER,2005,MESKEN,205841,203372,220608665.0
1785,2017,BAHÇELİEVLER,2005,İBADETHANE,304,300,220608665.0
1786,2017,BAHÇELİEVLER,2005,HAYIR KURUMU VE MÜZE,228,225,220608665.0
1787,2017,BAKIRKÖY,1166,YABANCI TEMSİLCİLİK,8,7,194605781.0
1788,2017,BAKIRKÖY,1166,TİCARİ,25376,23883,194605781.0
1789,2017,BAKIRKÖY,1166,SANAYİ TESİSLERİ,231,231,194605781.0
1790,2017,BAKIRKÖY,1166,RESMİ KURUM,9755,9551,194605781.0
1791,2017,BAKIRKÖY,1166,MESKEN,102096,100727,194605781.0
1792,2017,BAKIRKÖY,1166,İBADETHANE,206,196,194605781.0
1793,2017,BAKIRKÖY,1166,HAYIR KURUMU VE MÜZE,148,135,194605781.0
1795,2017,BAŞAKŞEHİR,2050,TİCARİ,39292,19188,161367486.0
1796,2017,BAŞAKŞEHİR,2050,SANAYİ TESİSLERİ,885,885,161367486.0
1797,2017,BAŞAKŞEHİR,2050,RESMİ KURUM,305,2936,161367486.0
1798,2017,BAŞAKŞEHİR,2050,MESKEN,135195,132054,161367486.0
1799,2017,BAŞAKŞEHİR,2050,İBADETHANE,131,120,161367486.0
1800,2017,BAŞAKŞEHİR,2050,HAYIR KURUMU VE MÜZE,99,99,161367486.0
1802,2017,BAYRAMPAŞA,1886,TİCARİ,18506,15069,96290620.0
1803,2017,BAYRAMPAŞA,1886,SANAYİ TESİSLERİ,264,264,96290620.0
1804,2017,BAYRAMPAŞA,1886,RESMİ KURUM,2762,2736,96290620.0
1805,2017,BAYRAMPAŞA,1886,MESKEN,94267,93306,96290620.0
1806,2017,BAYRAMPAŞA,1886,İBADETHANE,280,274,96290620.0
1807,2017,BAYRAMPAŞA,1886,HAYIR KURUMU VE MÜZE,87,86,96290620.0
1808,2017,BEŞİKTAŞ,1183,YABANCI TEMSİLCİLİK,179,179,174107059.0
1809,2017,BEŞİKTAŞ,1183,TİCARİ,28618,26106,174107059.0
1810,2017,BEŞİKTAŞ,1183,SANAYİ TESİSLERİ,2682,2682,174107059.0
1811,2017,BEŞİKTAŞ,1183,RESMİ KURUM,12669,11438,174107059.0
1812,2017,BEŞİKTAŞ,1183,MESKEN,94895,91793,174107059.0
1813,2017,BEŞİKTAŞ,1183,İBADETHANE,122,120,174107059.0
1814,2017,BEŞİKTAŞ,1183,HAYIR KURUMU VE MÜZE,94,94,174107059.0
1815,2017,BEYKOZ,1185,TİCARİ,10697,9695,119051383.0
1816,2017,BEYKOZ,1185,SANAYİ TESİSLERİ,228,228,119051383.0
1817,2017,BEYKOZ,1185,RESMİ KURUM,3301,3142,119051383.0
1818,2017,BEYKOZ,1185,MESKEN,92624,88237,119051383.0
1819,2017,BEYKOZ,1185,İBADETHANE,211,210,119051383.0
1820,2017,BEYKOZ,1185,HAYIR KURUMU VE MÜZE,16,16,119051383.0
1822,2017,BEYLİKDÜZÜ,2051,TİCARİ,15131,12765,162829065.0
1823,2017,BEYLİKDÜZÜ,2051,SANAYİ TESİSLERİ,457,457,162829065.0
1824,2017,BEYLİKDÜZÜ,2051,RESMİ KURUM,2585,2504,162829065.0
1825,2017,BEYLİKDÜZÜ,2051,MESKEN,137838,134605,162829065.0
1826,2017,BEYLİKDÜZÜ,2051,İBADETHANE,88,82,162829065.0
1827,2017,BEYLİKDÜZÜ,2051,HAYIR KURUMU VE MÜZE,100,96,162829065.0
1829,2017,BEYOĞLU,1186,YABANCI TEMSİLCİLİK,475,475,103549357.0
1830,2017,BEYOĞLU,1186,TİCARİ,27473,25943,103549357.0
1831,2017,BEYOĞLU,1186,SANAYİ TESİSLERİ,347,347,103549357.0
1832,2017,BEYOĞLU,1186,RESMİ KURUM,3735,3666,103549357.0
1833,2017,BEYOĞLU,1186,MESKEN,79668,78118,103549357.0
1834,2017,BEYOĞLU,1186,İBADETHANE,181,178,103549357.0
1835,2017,BEYOĞLU,1186,HAYIR KURUMU VE MÜZE,240,238,103549357.0
1836,2017,BÜYÜKÇEKMECE,1782,TİCARİ,12648,9921,109291088.0
1837,2017,BÜYÜKÇEKMECE,1782,SANAYİ TESİSLERİ,58,58,109291088.0
1838,2017,BÜYÜKÇEKMECE,1782,RESMİ KURUM,2674,2614,109291088.0
1839,2017,BÜYÜKÇEKMECE,1782,MESKEN,116142,109701,109291088.0
1840,2017,BÜYÜKÇEKMECE,1782,İBADETHANE,86,81,109291088.0
1841,2017,BÜYÜKÇEKMECE,1782,HAYIR KURUMU VE MÜZE,103,99,109291088.0
1842,2017,ÇATALCA,1237,TİCARİ,2864,1983,20258572.0
1843,2017,ÇATALCA,1237,SANAYİ TESİSLERİ,93,93,20258572.0
1844,2017,ÇATALCA,1237,RESMİ KURUM,721,702,20258572.0
1845,2017,ÇATALCA,1237,MESKEN,23141,22155,20258572.0
1846,2017,ÇATALCA,1237,İBADETHANE,32,32,20258572.0
1847,2017,ÇATALCA,1237,HAYIR KURUMU VE MÜZE,27,6,20258572.0
1848,2017,ÇEKMEKÖY,2052,TİCARİ,9444,7656,102060880.0
1849,2017,ÇEKMEKÖY,2052,SANAYİ TESİSLERİ,121,121,102060880.0
1850,2017,ÇEKMEKÖY,2052,RESMİ KURUM,2654,2631,102060880.0
1851,2017,ÇEKMEKÖY,2052,MESKEN,101823,97305,102060880.0
1852,2017,ÇEKMEKÖY,2052,İBADETHANE,98,80,102060880.0
1853,2017,ÇEKMEKÖY,2052,HAYIR KURUMU VE MÜZE,33,33,102060880.0
1854,2017,ESENLER,2016,TİCARİ,11629,9875,117959228.0
1855,2017,ESENLER,2016,SANAYİ TESİSLERİ,766,766,117959228.0
1856,2017,ESENLER,2016,RESMİ KURUM,3374,2692,117959228.0
1857,2017,ESENLER,2016,MESKEN,135148,134537,117959228.0
1858,2017,ESENLER,2016,İBADETHANE,82,81,117959228.0
1859,2017,ESENLER,2016,HAYIR KURUMU VE MÜZE,141,139,117959228.0
1861,2017,ESENYURT,2053,TİCARİ,35013,25527,371901713.0
1862,2017,ESENYURT,2053,SANAYİ TESİSLERİ,4748,4748,371901713.0
1863,2017,ESENYURT,2053,RESMİ KURUM,3219,2988,371901713.0
1864,2017,ESENYURT,2053,MESKEN,349472,335846,371901713.0
1865,2017,ESENYURT,2053,İBADETHANE,166,127,371901713.0
1866,2017,ESENYURT,2053,HAYIR KURUMU VE MÜZE,168,169,371901713.0
1867,2017,EYÜPSULTAN,1325,DİĞER,83,31,162115033.0
1868,2017,EYÜPSULTAN,1325,TİCARİ,11886,10331,162115033.0
1869,2017,EYÜPSULTAN,1325,SANAYİ TESİSLERİ,229,229,162115033.0
1870,2017,EYÜPSULTAN,1325,RESMİ KURUM,4147,3888,162115033.0
1871,2017,EYÜPSULTAN,1325,MESKEN,145385,142289,162115033.0
1872,2017,EYÜPSULTAN,1325,İBADETHANE,143,147,162115033.0
1873,2017,EYÜPSULTAN,1325,HAYIR KURUMU VE MÜZE,297,295,162115033.0
1874,2017,FATİH,1327,YABANCI TEMSİLCİLİK,20,20,170948031.0
1875,2017,FATİH,1327,TİCARİ,38592,36623,170948031.0
1876,2017,FATİH,1327,SANAYİ TESİSLERİ,184,184,170948031.0
1877,2017,FATİH,1327,RESMİ KURUM,18731,15245,170948031.0
1878,2017,FATİH,1327,MESKEN,143667,141044,170948031.0
1879,2017,FATİH,1327,İBADETHANE,738,717,170948031.0
1880,2017,FATİH,1327,HAYIR KURUMU VE MÜZE,894,839,170948031.0
1881,2017,GAZİOSMANPAŞA,1336,TİCARİ,10901,9676,157551916.0
1882,2017,GAZİOSMANPAŞA,1336,SANAYİ TESİSLERİ,109,109,157551916.0
1883,2017,GAZİOSMANPAŞA,1336,RESMİ KURUM,1915,184,157551916.0
1884,2017,GAZİOSMANPAŞA,1336,MESKEN,155852,154082,157551916.0
1885,2017,GAZİOSMANPAŞA,1336,İBADETHANE,182,174,157551916.0
1886,2017,GAZİOSMANPAŞA,1336,HAYIR KURUMU VE MÜZE,257,257,157551916.0
1887,2017,GÜNGÖREN,2010,TİCARİ,15843,14329,104530303.0
1888,2017,GÜNGÖREN,2010,SANAYİ TESİSLERİ,637,637,104530303.0
1889,2017,GÜNGÖREN,2010,RESMİ KURUM,1631,1599,104530303.0
1890,2017,GÜNGÖREN,2010,MESKEN,97971,96957,104530303.0
1891,2017,GÜNGÖREN,2010,İBADETHANE,213,205,104530303.0
1892,2017,GÜNGÖREN,2010,HAYIR KURUMU VE MÜZE,73,73,104530303.0
1893,2017,KADIKÖY,1421,TİCARİ,31695,28899,293328678.0
1894,2017,KADIKÖY,1421,SANAYİ TESİSLERİ,42,42,293328678.0
1895,2017,KADIKÖY,1421,RESMİ KURUM,8615,8453,293328678.0
1896,2017,KADIKÖY,1421,MESKEN,259619,244007,293328678.0
1897,2017,KADIKÖY,1421,İBADETHANE,270,251,293328678.0
1898,2017,KADIKÖY,1421,HAYIR KURUMU VE MÜZE,226,222,293328678.0
1899,2017,KAĞITHANE,1810,YABANCI TEMSİLCİLİK,8,8,160546377.0
1900,2017,KAĞITHANE,1810,TİCARİ,19064,171,160546377.0
1901,2017,KAĞITHANE,1810,SANAYİ TESİSLERİ,15,15,160546377.0
1902,2017,KAĞITHANE,1810,RESMİ KURUM,2655,2593,160546377.0
1903,2017,KAĞITHANE,1810,MESKEN,162753,159045,160546377.0
1904,2017,KAĞITHANE,1810,İBADETHANE,299,297,160546377.0
1905,2017,KAĞITHANE,1810,HAYIR KURUMU VE MÜZE,112,112,160546377.0
1906,2017,KARTAL,1449,TİCARİ,15594,13827,178300323.0
1907,2017,KARTAL,1449,SANAYİ TESİSLERİ,138,138,178300323.0
1908,2017,KARTAL,1449,RESMİ KURUM,10259,9853,178300323.0
1909,2017,KARTAL,1449,MESKEN,185861,181444,178300323.0
1910,2017,KARTAL,1449,İBADETHANE,208,183,178300323.0
1911,2017,KARTAL,1449,HAYIR KURUMU VE MÜZE,263,263,178300323.0
1913,2017,KÜÇÜKÇEKMECE,1823,TİCARİ,2059,17954,287029541.0
1914,2017,KÜÇÜKÇEKMECE,1823,SANAYİ TESİSLERİ,376,376,287029541.0
1915,2017,KÜÇÜKÇEKMECE,1823,RESMİ KURUM,7482,7405,287029541.0
1916,2017,KÜÇÜKÇEKMECE,1823,MESKEN,273772,270695,287029541.0
1917,2017,KÜÇÜKÇEKMECE,1823,İBADETHANE,216,212,287029541.0
1918,2017,KÜÇÜKÇEKMECE,1823,HAYIR KURUMU VE MÜZE,344,334,287029541.0
1920,2017,MALTEPE,2012,TİCARİ,19294,17511,201329830.0
1921,2017,MALTEPE,2012,SANAYİ TESİSLERİ,3,3,201329830.0
1922,2017,MALTEPE,2012,RESMİ KURUM,6796,6652,201329830.0
1923,2017,MALTEPE,2012,MESKEN,201965,196969,201329830.0
1924,2017,MALTEPE,2012,İBADETHANE,225,214,201329830.0
1925,2017,MALTEPE,2012,HAYIR KURUMU VE MÜZE,212,212,201329830.0
1926,2017,PENDİK,1835,TİCARİ,32136,27487,310520264.0
1927,2017,PENDİK,1835,SANAYİ TESİSLERİ,220,219,310520264.0
1928,2017,PENDİK,1835,RESMİ KURUM,7917,7523,310520264.0
1929,2017,PENDİK,1835,MESKEN,252802,246867,310520264.0
1930,2017,PENDİK,1835,İBADETHANE,225,210,310520264.0
1931,2017,PENDİK,1835,HAYIR KURUMU VE MÜZE,160,158,310520264.0
1932,2017,SANCAKTEPE,2054,TİCARİ,14104,11653,144138636.0
1933,2017,SANCAKTEPE,2054,SANAYİ TESİSLERİ,378,378,144138636.0
1934,2017,SANCAKTEPE,2054,RESMİ KURUM,2529,2366,144138636.0
1935,2017,SANCAKTEPE,2054,MESKEN,146871,142672,144138636.0
1936,2017,SANCAKTEPE,2054,İBADETHANE,176,168,144138636.0
1937,2017,SANCAKTEPE,2054,HAYIR KURUMU VE MÜZE,69,69,144138636.0
1938,2017,SARIYER,1604,YABANCI TEMSİLCİLİK,193,193,209908907.0
1939,2017,SARIYER,1604,TİCARİ,24947,22947,209908907.0
1940,2017,SARIYER,1604,SANAYİ TESİSLERİ,1033,1033,209908907.0
1941,2017,SARIYER,1604,RESMİ KURUM,11032,10652,209908907.0
1942,2017,SARIYER,1604,MESKEN,14874,143257,209908907.0
1943,2017,SARIYER,1604,İBADETHANE,197,190,209908907.0
1944,2017,SARIYER,1604,HAYIR KURUMU VE MÜZE,139,138,209908907.0
1945,2017,SİLİVRİ,1622,TİCARİ,10086,8948,105255923.0
1946,2017,SİLİVRİ,1622,SANAYİ TESİSLERİ,493,493,105255923.0
1947,2017,SİLİVRİ,1622,RESMİ KURUM,7034,7076,105255923.0
1948,2017,SİLİVRİ,1622,MESKEN,84719,7826,105255923.0
1949,2017,SİLİVRİ,1622,İBADETHANE,58,56,105255923.0
1950,2017,SULTANBEYLİ,2014,TİCARİ,8948,5998,83697318.0
1951,2017,SULTANBEYLİ,2014,SANAYİ TESİSLERİ,24,24,83697318.0
1952,2017,SULTANBEYLİ,2014,RESMİ KURUM,2075,198,83697318.0
1953,2017,SULTANBEYLİ,2014,MESKEN,91136,88986,83697318.0
1954,2017,SULTANBEYLİ,2014,İBADETHANE,223,208,83697318.0
1955,2017,SULTANBEYLİ,2014,HAYIR KURUMU VE MÜZE,17,16,83697318.0
1956,2017,SULTANGAZİ,2055,TİCARİ,11383,8475,150919584.0
1957,2017,SULTANGAZİ,2055,SANAYİ TESİSLERİ,149,149,150919584.0
1958,2017,SULTANGAZİ,2055,RESMİ KURUM,2869,2712,150919584.0
1959,2017,SULTANGAZİ,2055,MESKEN,158745,156804,150919584.0
1960,2017,SULTANGAZİ,2055,İBADETHANE,146,131,150919584.0
1961,2017,SULTANGAZİ,2055,HAYIR KURUMU VE MÜZE,120,115,150919584.0
1962,2017,ŞİLE,1659,TİCARİ,2634,2151,21135436.0
1963,2017,ŞİLE,1659,SANAYİ TESİSLERİ,3,3,21135436.0
1964,2017,ŞİLE,1659,RESMİ KURUM,1119,941,21135436.0
1965,2017,ŞİLE,1659,MESKEN,21623,20324,21135436.0
1966,2017,ŞİLE,1659,İBADETHANE,41,37,21135436.0
1967,2017,ŞİLE,1659,HAYIR KURUMU VE MÜZE,11,10,21135436.0
1968,2017,ŞİŞLİ,1663,YABANCI TEMSİLCİLİK,114,114,184471256.0
1969,2017,ŞİŞLİ,1663,TİCARİ,48171,43068,184471256.0
1970,2017,ŞİŞLİ,1663,SANAYİ TESİSLERİ,260,260,184471256.0
1971,2017,ŞİŞLİ,1663,RESMİ KURUM,9188,9133,184471256.0
1972,2017,ŞİŞLİ,1663,MESKEN,133158,130024,184471256.0
1973,2017,ŞİŞLİ,1663,İBADETHANE,156,148,184471256.0
1974,2017,ŞİŞLİ,1663,HAYIR KURUMU VE MÜZE,337,336,184471256.0
1976,2017,TUZLA,2015,TİCARİ,26087,17826,220130356.0
1977,2017,TUZLA,2015,SANAYİ TESİSLERİ,717,717,220130356.0
1978,2017,TUZLA,2015,RESMİ KURUM,5609,5488,220130356.0
1979,2017,TUZLA,2015,MESKEN,103052,97962,220130356.0
1980,2017,TUZLA,2015,İBADETHANE,115,112,220130356.0
1981,2017,TUZLA,2015,HAYIR KURUMU VE MÜZE,32,32,220130356.0
1983,2017,ÜMRANİYE,1852,TİCARİ,40873,33423,283853909.0
1984,2017,ÜMRANİYE,1852,SANAYİ TESİSLERİ,641,641,283853909.0
1985,2017,ÜMRANİYE,1852,RESMİ KURUM,4276,4142,283853909.0
1986,2017,ÜMRANİYE,1852,MESKEN,251302,24631,283853909.0
1987,2017,ÜMRANİYE,1852,İBADETHANE,316,304,283853909.0
1988,2017,ÜMRANİYE,1852,HAYIR KURUMU VE MÜZE,233,219,283853909.0
1989,2017,ÜSKÜDAR,1708,TİCARİ,24594,22101,254095286.0
1990,2017,ÜSKÜDAR,1708,SANAYİ TESİSLERİ,2,2,254095286.0
1991,2017,ÜSKÜDAR,1708,RESMİ KURUM,9211,8828,254095286.0
1992,2017,ÜSKÜDAR,1708,MESKEN,20742,201002,254095286.0
1993,2017,ÜSKÜDAR,1708,İBADETHANE,404,375,254095286.0
1994,2017,ÜSKÜDAR,1708,HAYIR KURUMU VE MÜZE,469,460,254095286.0
1995,2017,ZEYTİNBURNU,1739,TİCARİ,16093,14498,112370787.0
1996,2017,ZEYTİNBURNU,1739,SANAYİ TESİSLERİ,89,89,112370787.0
1997,2017,ZEYTİNBURNU,1739,RESMİ KURUM,4869,4349,112370787.0
1998,2017,ZEYTİNBURNU,1739,MESKEN,91864,8915,112370787.0
1999,2017,ZEYTİNBURNU,1739,İBADETHANE,95,95,112370787.0
2000,2017,ZEYTİNBURNU,1739,HAYIR KURUMU VE MÜZE,163,92,112370787.0
2001,2018,ADALAR,1103,YABANCI TEMSİLCİLİK,7,7,6321146.0
2002,2018,ADALAR,1103,TİCARİ,756,733,6321146.0
2003,2018,ADALAR,1103,RESMİ KURUM,357,350,6321146.0
2004,2018,ADALAR,1103,MESKEN,8456,8298,6321146.0
2005,2018,ADALAR,1103,İBADETHANE,9,8,6321146.0
2006,2018,ADALAR,1103,HAYIR KURUMU VE MÜZE,24,24,6321146.0
2007,2018,ARNAVUTKÖY,2048,TİCARİ,3162,28458,143578639.0
2008,2018,ARNAVUTKÖY,2048,SANAYİ TESİSLERİ,1693,1596,143578639.0
2009,2018,ARNAVUTKÖY,2048,RESMİ KURUM,2307,2187,143578639.0
2010,2018,ARNAVUTKÖY,2048,MESKEN,90872,87417,143578639.0
2011,2018,ARNAVUTKÖY,2048,İBADETHANE,119,107,143578639.0
2012,2018,ARNAVUTKÖY,2048,HAYIR KURUMU VE MÜZE,61,52,143578639.0
2013,2018,ATAŞEHİR,2049,TİCARİ,27209,24029,178414578.0
2014,2018,ATAŞEHİR,2049,SANAYİ TESİSLERİ,93,93,178414578.0
2015,2018,ATAŞEHİR,2049,RESMİ KURUM,3184,3136,178414578.0
2016,2018,ATAŞEHİR,2049,MESKEN,162043,159459,178414578.0
2017,2018,ATAŞEHİR,2049,İBADETHANE,156,146,178414578.0
2018,2018,ATAŞEHİR,2049,HAYIR KURUMU VE MÜZE,77,44,178414578.0
2019,2018,AVCILAR,2003,TİCARİ,14708,12434,167395949.0
2020,2018,AVCILAR,2003,SANAYİ TESİSLERİ,2183,2183,167395949.0
2021,2018,AVCILAR,2003,RESMİ KURUM,571,561,167395949.0
2022,2018,AVCILAR,2003,MESKEN,152452,150035,167395949.0
2023,2018,AVCILAR,2003,İBADETHANE,38,37,167395949.0
2024,2018,AVCILAR,2003,HAYIR KURUMU VE MÜZE,128,124,167395949.0
2025,2018,BAĞCILAR,2004,TİCARİ,31869,26869,225934788.0
2026,2018,BAĞCILAR,2004,SANAYİ TESİSLERİ,891,891,225934788.0
2027,2018,BAĞCILAR,2004,RESMİ KURUM,5755,5734,225934788.0
2028,2018,BAĞCILAR,2004,MESKEN,228188,223451,225934788.0
2029,2018,BAĞCILAR,2004,İBADETHANE,190,185,225934788.0
2030,2018,BAĞCILAR,2004,HAYIR KURUMU VE MÜZE,188,184,225934788.0
2031,2018,BAHÇELİEVLER,2005,TİCARİ,27152,24265,213277179.0
2032,2018,BAHÇELİEVLER,2005,SANAYİ TESİSLERİ,1139,1139,213277179.0
2033,2018,BAHÇELİEVLER,2005,RESMİ KURUM,4823,4716,213277179.0
2034,2018,BAHÇELİEVLER,2005,MESKEN,205841,203372,213277179.0
2035,2018,BAHÇELİEVLER,2005,İBADETHANE,304,300,213277179.0
2036,2018,BAHÇELİEVLER,2005,HAYIR KURUMU VE MÜZE,228,225,213277179.0
2037,2018,BAKIRKÖY,1166,YABANCI TEMSİLCİLİK,8,7,191694686.0
2038,2018,BAKIRKÖY,1166,TİCARİ,25376,23883,191694686.0
2039,2018,BAKIRKÖY,1166,SANAYİ TESİSLERİ,231,231,191694686.0
2040,2018,BAKIRKÖY,1166,RESMİ KURUM,9755,9551,191694686.0
2041,2018,BAKIRKÖY,1166,MESKEN,102096,100727,191694686.0
2042,2018,BAKIRKÖY,1166,İBADETHANE,206,196,191694686.0
2043,2018,BAKIRKÖY,1166,HAYIR KURUMU VE MÜZE,148,135,191694686.0
2045,2018,BAŞAKŞEHİR,2050,TİCARİ,39292,19188,169213153.0
2046,2018,BAŞAKŞEHİR,2050,SANAYİ TESİSLERİ,885,885,169213153.0
2047,2018,BAŞAKŞEHİR,2050,RESMİ KURUM,305,2936,169213153.0
2048,2018,BAŞAKŞEHİR,2050,MESKEN,135195,132054,169213153.0
2049,2018,BAŞAKŞEHİR,2050,İBADETHANE,131,120,169213153.0
2050,2018,BAŞAKŞEHİR,2050,HAYIR KURUMU VE MÜZE,99,99,169213153.0
2052,2018,BAYRAMPAŞA,1886,TİCARİ,18506,15069,94761082.0
2053,2018,BAYRAMPAŞA,1886,SANAYİ TESİSLERİ,264,264,94761082.0
2054,2018,BAYRAMPAŞA,1886,RESMİ KURUM,2762,2736,94761082.0
2055,2018,BAYRAMPAŞA,1886,MESKEN,94267,93306,94761082.0
2056,2018,BAYRAMPAŞA,1886,İBADETHANE,280,274,94761082.0
2057,2018,BAYRAMPAŞA,1886,HAYIR KURUMU VE MÜZE,87,86,94761082.0
2058,2018,BEŞİKTAŞ,1183,YABANCI TEMSİLCİLİK,179,179,168435120.0
2059,2018,BEŞİKTAŞ,1183,TİCARİ,28618,26106,168435120.0
2060,2018,BEŞİKTAŞ,1183,SANAYİ TESİSLERİ,2682,2682,168435120.0
2061,2018,BEŞİKTAŞ,1183,RESMİ KURUM,12669,11438,168435120.0
2062,2018,BEŞİKTAŞ,1183,MESKEN,94895,91793,168435120.0
2063,2018,BEŞİKTAŞ,1183,İBADETHANE,122,120,168435120.0
2064,2018,BEŞİKTAŞ,1183,HAYIR KURUMU VE MÜZE,94,94,168435120.0
2065,2018,BEYKOZ,1185,TİCARİ,10697,9695,113690551.0
2066,2018,BEYKOZ,1185,SANAYİ TESİSLERİ,228,228,113690551.0
2067,2018,BEYKOZ,1185,RESMİ KURUM,3301,3142,113690551.0
2068,2018,BEYKOZ,1185,MESKEN,92624,88237,113690551.0
2069,2018,BEYKOZ,1185,İBADETHANE,211,210,113690551.0
2070,2018,BEYKOZ,1185,HAYIR KURUMU VE MÜZE,16,16,113690551.0
2072,2018,BEYLİKDÜZÜ,2051,TİCARİ,15131,12765,165680990.0
2073,2018,BEYLİKDÜZÜ,2051,SANAYİ TESİSLERİ,457,457,165680990.0
2074,2018,BEYLİKDÜZÜ,2051,RESMİ KURUM,2585,2504,165680990.0
2075,2018,BEYLİKDÜZÜ,2051,MESKEN,137838,134605,165680990.0
2076,2018,BEYLİKDÜZÜ,2051,İBADETHANE,88,82,165680990.0
2077,2018,BEYLİKDÜZÜ,2051,HAYIR KURUMU VE MÜZE,100,96,165680990.0
2079,2018,BEYOĞLU,1186,YABANCI TEMSİLCİLİK,475,475,101868413.0
2080,2018,BEYOĞLU,1186,TİCARİ,27473,25943,101868413.0
2081,2018,BEYOĞLU,1186,SANAYİ TESİSLERİ,347,347,101868413.0
2082,2018,BEYOĞLU,1186,RESMİ KURUM,3735,3666,101868413.0
2083,2018,BEYOĞLU,1186,MESKEN,79668,78118,101868413.0
2084,2018,BEYOĞLU,1186,İBADETHANE,181,178,101868413.0
2085,2018,BEYOĞLU,1186,HAYIR KURUMU VE MÜZE,240,238,101868413.0
2086,2018,BÜYÜKÇEKMECE,1782,TİCARİ,12648,9921,111002748.0
2087,2018,BÜYÜKÇEKMECE,1782,SANAYİ TESİSLERİ,58,58,111002748.0
2088,2018,BÜYÜKÇEKMECE,1782,RESMİ KURUM,2674,2614,111002748.0
2089,2018,BÜYÜKÇEKMECE,1782,MESKEN,116142,109701,111002748.0
2090,2018,BÜYÜKÇEKMECE,1782,İBADETHANE,86,81,111002748.0
2091,2018,BÜYÜKÇEKMECE,1782,HAYIR KURUMU VE MÜZE,103,99,111002748.0
2092,2018,ÇATALCA,1237,TİCARİ,2864,1983,25354608.0
2093,2018,ÇATALCA,1237,SANAYİ TESİSLERİ,93,93,25354608.0
2094,2018,ÇATALCA,1237,RESMİ KURUM,721,702,25354608.0
2095,2018,ÇATALCA,1237,MESKEN,23141,22155,25354608.0
2096,2018,ÇATALCA,1237,İBADETHANE,32,32,25354608.0
2097,2018,ÇATALCA,1237,HAYIR KURUMU VE MÜZE,27,6,25354608.0
2098,2018,ÇEKMEKÖY,2052,TİCARİ,9444,7656,100293646.0
2099,2018,ÇEKMEKÖY,2052,SANAYİ TESİSLERİ,121,121,100293646.0
2100,2018,ÇEKMEKÖY,2052,RESMİ KURUM,2654,2631,100293646.0
2101,2018,ÇEKMEKÖY,2052,MESKEN,101823,97305,100293646.0
2102,2018,ÇEKMEKÖY,2052,İBADETHANE,98,80,100293646.0
2103,2018,ÇEKMEKÖY,2052,HAYIR KURUMU VE MÜZE,33,33,100293646.0
2104,2018,ESENLER,2016,TİCARİ,11629,9875,117187054.0
2105,2018,ESENLER,2016,SANAYİ TESİSLERİ,766,766,117187054.0
2106,2018,ESENLER,2016,RESMİ KURUM,3374,2692,117187054.0
2107,2018,ESENLER,2016,MESKEN,135148,134537,117187054.0
2108,2018,ESENLER,2016,İBADETHANE,82,81,117187054.0
2109,2018,ESENLER,2016,HAYIR KURUMU VE MÜZE,141,139,117187054.0
2111,2018,ESENYURT,2053,TİCARİ,35013,25527,395911554.0
2112,2018,ESENYURT,2053,SANAYİ TESİSLERİ,4748,4748,395911554.0
2113,2018,ESENYURT,2053,RESMİ KURUM,3219,2988,395911554.0
2114,2018,ESENYURT,2053,MESKEN,349472,335846,395911554.0
2115,2018,ESENYURT,2053,İBADETHANE,166,127,395911554.0
2116,2018,ESENYURT,2053,HAYIR KURUMU VE MÜZE,168,169,395911554.0
2117,2018,EYÜPSULTAN,1325,DİĞER,83,31,163347081.0
2118,2018,EYÜPSULTAN,1325,TİCARİ,11886,10331,163347081.0
2119,2018,EYÜPSULTAN,1325,SANAYİ TESİSLERİ,229,229,163347081.0
2120,2018,EYÜPSULTAN,1325,RESMİ KURUM,4147,3888,163347081.0
2121,2018,EYÜPSULTAN,1325,MESKEN,145385,142289,163347081.0
2122,2018,EYÜPSULTAN,1325,İBADETHANE,143,147,163347081.0
2123,2018,EYÜPSULTAN,1325,HAYIR KURUMU VE MÜZE,297,295,163347081.0
2124,2018,FATİH,1327,YABANCI TEMSİLCİLİK,20,20,167075217.0
2125,2018,FATİH,1327,TİCARİ,38592,36623,167075217.0
2126,2018,FATİH,1327,SANAYİ TESİSLERİ,184,184,167075217.0
2127,2018,FATİH,1327,RESMİ KURUM,18731,15245,167075217.0
2128,2018,FATİH,1327,MESKEN,143667,141044,167075217.0
2129,2018,FATİH,1327,İBADETHANE,738,717,167075217.0
2130,2018,FATİH,1327,HAYIR KURUMU VE MÜZE,894,839,167075217.0
2131,2018,GAZİOSMANPAŞA,1336,TİCARİ,10901,9676,153323120.0
2132,2018,GAZİOSMANPAŞA,1336,SANAYİ TESİSLERİ,109,109,153323120.0
2133,2018,GAZİOSMANPAŞA,1336,RESMİ KURUM,1915,184,153323120.0
2134,2018,GAZİOSMANPAŞA,1336,MESKEN,155852,154082,153323120.0
2135,2018,GAZİOSMANPAŞA,1336,İBADETHANE,182,174,153323120.0
2136,2018,GAZİOSMANPAŞA,1336,HAYIR KURUMU VE MÜZE,257,257,153323120.0
2137,2018,GÜNGÖREN,2010,TİCARİ,15843,14329,103413204.0
2138,2018,GÜNGÖREN,2010,SANAYİ TESİSLERİ,637,637,103413204.0
2139,2018,GÜNGÖREN,2010,RESMİ KURUM,1631,1599,103413204.0
2140,2018,GÜNGÖREN,2010,MESKEN,97971,96957,103413204.0
2141,2018,GÜNGÖREN,2010,İBADETHANE,213,205,103413204.0
2142,2018,GÜNGÖREN,2010,HAYIR KURUMU VE MÜZE,73,73,103413204.0
2143,2018,KADIKÖY,1421,TİCARİ,31695,28899,281536166.0
2144,2018,KADIKÖY,1421,SANAYİ TESİSLERİ,42,42,281536166.0
2145,2018,KADIKÖY,1421,RESMİ KURUM,8615,8453,281536166.0
2146,2018,KADIKÖY,1421,MESKEN,259619,244007,281536166.0
2147,2018,KADIKÖY,1421,İBADETHANE,270,251,281536166.0
2148,2018,KADIKÖY,1421,HAYIR KURUMU VE MÜZE,226,222,281536166.0
2149,2018,KAĞITHANE,1810,YABANCI TEMSİLCİLİK,8,8,156482522.0
2150,2018,KAĞITHANE,1810,TİCARİ,19064,171,156482522.0
2151,2018,KAĞITHANE,1810,SANAYİ TESİSLERİ,15,15,156482522.0
2152,2018,KAĞITHANE,1810,RESMİ KURUM,2655,2593,156482522.0
2153,2018,KAĞITHANE,1810,MESKEN,162753,159045,156482522.0
2154,2018,KAĞITHANE,1810,İBADETHANE,299,297,156482522.0
2155,2018,KAĞITHANE,1810,HAYIR KURUMU VE MÜZE,112,112,156482522.0
2156,2018,KARTAL,1449,TİCARİ,15594,13827,170995947.0
2157,2018,KARTAL,1449,SANAYİ TESİSLERİ,138,138,170995947.0
2158,2018,KARTAL,1449,RESMİ KURUM,10259,9853,170995947.0
2159,2018,KARTAL,1449,MESKEN,185861,181444,170995947.0
2160,2018,KARTAL,1449,İBADETHANE,208,183,170995947.0
2161,2018,KARTAL,1449,HAYIR KURUMU VE MÜZE,263,263,170995947.0
2163,2018,KÜÇÜKÇEKMECE,1823,TİCARİ,2059,17954,287017028.0
2164,2018,KÜÇÜKÇEKMECE,1823,SANAYİ TESİSLERİ,376,376,287017028.0
2165,2018,KÜÇÜKÇEKMECE,1823,RESMİ KURUM,7482,7405,287017028.0
2166,2018,KÜÇÜKÇEKMECE,1823,MESKEN,273772,270695,287017028.0
2167,2018,KÜÇÜKÇEKMECE,1823,İBADETHANE,216,212,287017028.0
2168,2018,KÜÇÜKÇEKMECE,1823,HAYIR KURUMU VE MÜZE,344,334,287017028.0
2170,2018,MALTEPE,2012,TİCARİ,19294,17511,191051992.0
2171,2018,MALTEPE,2012,SANAYİ TESİSLERİ,3,3,191051992.0
2172,2018,MALTEPE,2012,RESMİ KURUM,6796,6652,191051992.0
2173,2018,MALTEPE,2012,MESKEN,201965,196969,191051992.0
2174,2018,MALTEPE,2012,İBADETHANE,225,214,191051992.0
2175,2018,MALTEPE,2012,HAYIR KURUMU VE MÜZE,212,212,191051992.0
2176,2018,PENDİK,1835,TİCARİ,32136,27487,306542298.0
2177,2018,PENDİK,1835,SANAYİ TESİSLERİ,220,219,306542298.0
2178,2018,PENDİK,1835,RESMİ KURUM,7917,7523,306542298.0
2179,2018,PENDİK,1835,MESKEN,252802,246867,306542298.0
2180,2018,PENDİK,1835,İBADETHANE,225,210,306542298.0
2181,2018,PENDİK,1835,HAYIR KURUMU VE MÜZE,160,158,306542298.0
2182,2018,SANCAKTEPE,2054,TİCARİ,14104,11653,148785412.0
2183,2018,SANCAKTEPE,2054,SANAYİ TESİSLERİ,378,378,148785412.0
2184,2018,SANCAKTEPE,2054,RESMİ KURUM,2529,2366,148785412.0
2185,2018,SANCAKTEPE,2054,MESKEN,146871,142672,148785412.0
2186,2018,SANCAKTEPE,2054,İBADETHANE,176,168,148785412.0
2187,2018,SANCAKTEPE,2054,HAYIR KURUMU VE MÜZE,69,69,148785412.0
2188,2018,SARIYER,1604,YABANCI TEMSİLCİLİK,193,193,205317345.0
2189,2018,SARIYER,1604,TİCARİ,24947,22947,205317345.0
2190,2018,SARIYER,1604,SANAYİ TESİSLERİ,1033,1033,205317345.0
2191,2018,SARIYER,1604,RESMİ KURUM,11032,10652,205317345.0
2192,2018,SARIYER,1604,MESKEN,14874,143257,205317345.0
2193,2018,SARIYER,1604,İBADETHANE,197,190,205317345.0
2194,2018,SARIYER,1604,HAYIR KURUMU VE MÜZE,139,138,205317345.0
2195,2018,SİLİVRİ,1622,TİCARİ,10086,8948,112671730.0
2196,2018,SİLİVRİ,1622,SANAYİ TESİSLERİ,493,493,112671730.0
2197,2018,SİLİVRİ,1622,RESMİ KURUM,7034,7076,112671730.0
2198,2018,SİLİVRİ,1622,MESKEN,84719,7826,112671730.0
2199,2018,SİLİVRİ,1622,İBADETHANE,58,56,112671730.0
2200,2018,SULTANBEYLİ,2014,TİCARİ,8948,5998,85891338.0
2201,2018,SULTANBEYLİ,2014,SANAYİ TESİSLERİ,24,24,85891338.0
2202,2018,SULTANBEYLİ,2014,RESMİ KURUM,2075,198,85891338.0
2203,2018,SULTANBEYLİ,2014,MESKEN,91136,88986,85891338.0
2204,2018,SULTANBEYLİ,2014,İBADETHANE,223,208,85891338.0
2205,2018,SULTANBEYLİ,2014,HAYIR KURUMU VE MÜZE,17,16,85891338.0
2206,2018,SULTANGAZİ,2055,TİCARİ,11383,8475,150548543.0
2207,2018,SULTANGAZİ,2055,SANAYİ TESİSLERİ,149,149,150548543.0
2208,2018,SULTANGAZİ,2055,RESMİ KURUM,2869,2712,150548543.0
2209,2018,SULTANGAZİ,2055,MESKEN,158745,156804,150548543.0
2210,2018,SULTANGAZİ,2055,İBADETHANE,146,131,150548543.0
2211,2018,SULTANGAZİ,2055,HAYIR KURUMU VE MÜZE,120,115,150548543.0
2212,2018,ŞİLE,1659,TİCARİ,2634,2151,20403207.0
2213,2018,ŞİLE,1659,SANAYİ TESİSLERİ,3,3,20403207.0
2214,2018,ŞİLE,1659,RESMİ KURUM,1119,941,20403207.0
2215,2018,ŞİLE,1659,MESKEN,21623,20324,20403207.0
2217,2018,ŞİLE,1659,HAYIR KURUMU VE MÜZE,11,10,20403207.0
2218,2018,ŞİŞLİ,1663,YABANCI TEMSİLCİLİK,114,114,177400982.0
2219,2018,ŞİŞLİ,1663,TİCARİ,48171,43068,177400982.0
2220,2018,ŞİŞLİ,1663,SANAYİ TESİSLERİ,260,260,177400982.0
2221,2018,ŞİŞLİ,1663,RESMİ KURUM,9188,9133,177400982.0
2222,2018,ŞİŞLİ,1663,MESKEN,133158,130024,177400982.0
2223,2018,ŞİŞLİ,1663,İBADETHANE,156,148,177400982.0
2224,2018,ŞİŞLİ,1663,HAYIR KURUMU VE MÜZE,337,336,177400982.0
2226,2018,TUZLA,2015,TİCARİ,26087,17826,215818022.0
2227,2018,TUZLA,2015,SANAYİ TESİSLERİ,717,717,215818022.0
2228,2018,TUZLA,2015,RESMİ KURUM,5609,5488,215818022.0
2229,2018,TUZLA,2015,MESKEN,103052,97962,215818022.0
2230,2018,TUZLA,2015,İBADETHANE,115,112,215818022.0
2231,2018,TUZLA,2015,HAYIR KURUMU VE MÜZE,32,32,215818022.0
2233,2018,ÜMRANİYE,1852,TİCARİ,40873,33423,271235113.0
2234,2018,ÜMRANİYE,1852,SANAYİ TESİSLERİ,641,641,271235113.0
2235,2018,ÜMRANİYE,1852,RESMİ KURUM,4276,4142,271235113.0
2236,2018,ÜMRANİYE,1852,MESKEN,251302,24631,271235113.0
2237,2018,ÜMRANİYE,1852,İBADETHANE,316,304,271235113.0
2238,2018,ÜMRANİYE,1852,HAYIR KURUMU VE MÜZE,233,219,271235113.0
2239,2018,ÜSKÜDAR,1708,TİCARİ,24594,22101,239487466.0
2240,2018,ÜSKÜDAR,1708,SANAYİ TESİSLERİ,2,2,239487466.0
2241,2018,ÜSKÜDAR,1708,RESMİ KURUM,9211,8828,239487466.0
2242,2018,ÜSKÜDAR,1708,MESKEN,20742,201002,239487466.0
2243,2018,ÜSKÜDAR,1708,İBADETHANE,404,375,239487466.0
2244,2018,ÜSKÜDAR,1708,HAYIR KURUMU VE MÜZE,469,460,239487466.0
2245,2018,ZEYTİNBURNU,1739,TİCARİ,16093,14498,111464719.0
2246,2018,ZEYTİNBURNU,1739,SANAYİ TESİSLERİ,89,89,111464719.0
2247,2018,ZEYTİNBURNU,1739,RESMİ KURUM,4869,4349,111464719.0
2248,2018,ZEYTİNBURNU,1739,MESKEN,91864,8915,111464719.0
2249,2018,ZEYTİNBURNU,1739,İBADETHANE,95,95,111464719.0
2250,2018,ZEYTİNBURNU,1739,HAYIR KURUMU VE MÜZE,163,92,111464719.0
2251,2019,ADALAR,1103,YABANCI TEMSİLCİLİK,7,7,6362370.0
2253,2019,ADALAR,1103,RESMİ KURUM,357,350,6362370.0
2254,2019,ADALAR,1103,MESKEN,8456,8298,6362370.0
2255,2019,ADALAR,1103,İBADETHANE,9,8,6362370.0
2256,2019,ADALAR,1103,HAYIR KURUMU VE MÜZE,24,24,6362370.0
2257,2019,ARNAVUTKÖY,2048,TİCARİ,3162,28458,159369751.0
2258,2019,ARNAVUTKÖY,2048,SANAYİ TESİSLERİ,1693,1596,159369751.0
2259,2019,ARNAVUTKÖY,2048,RESMİ KURUM,2307,2187,159369751.0
2260,2019,ARNAVUTKÖY,2048,MESKEN,90872,87417,159369751.0
2261,2019,ARNAVUTKÖY,2048,İBADETHANE,119,107,159369751.0
2262,2019,ARNAVUTKÖY,2048,HAYIR KURUMU VE MÜZE,61,52,159369751.0
2263,2019,ATAŞEHİR,2049,TİCARİ,27209,24029,174111888.0
2264,2019,ATAŞEHİR,2049,SANAYİ TESİSLERİ,93,93,174111888.0
2265,2019,ATAŞEHİR,2049,RESMİ KURUM,3184,3136,174111888.0
2266,2019,ATAŞEHİR,2049,MESKEN,162043,159459,174111888.0
2267,2019,ATAŞEHİR,2049,İBADETHANE,156,146,174111888.0
2268,2019,ATAŞEHİR,2049,HAYIR KURUMU VE MÜZE,77,44,174111888.0
2269,2019,AVCILAR,2003,TİCARİ,14708,12434,163844381.0
2270,2019,AVCILAR,2003,SANAYİ TESİSLERİ,2183,2183,163844381.0
2271,2019,AVCILAR,2003,RESMİ KURUM,571,561,163844381.0
2272,2019,AVCILAR,2003,MESKEN,152452,150035,163844381.0
2273,2019,AVCILAR,2003,İBADETHANE,38,37,163844381.0
2274,2019,AVCILAR,2003,HAYIR KURUMU VE MÜZE,128,124,163844381.0
2275,2019,BAĞCILAR,2004,TİCARİ,31869,26869,219979747.0
2276,2019,BAĞCILAR,2004,SANAYİ TESİSLERİ,891,891,219979747.0
2277,2019,BAĞCILAR,2004,RESMİ KURUM,5755,5734,219979747.0
2278,2019,BAĞCILAR,2004,MESKEN,228188,223451,219979747.0
2279,2019,BAĞCILAR,2004,İBADETHANE,190,185,219979747.0
2280,2019,BAĞCILAR,2004,HAYIR KURUMU VE MÜZE,188,184,219979747.0
2281,2019,BAHÇELİEVLER,2005,TİCARİ,27152,24265,203412163.0
2282,2019,BAHÇELİEVLER,2005,SANAYİ TESİSLERİ,1139,1139,203412163.0
2283,2019,BAHÇELİEVLER,2005,RESMİ KURUM,4823,4716,203412163.0
2284,2019,BAHÇELİEVLER,2005,MESKEN,205841,203372,203412163.0
2285,2019,BAHÇELİEVLER,2005,İBADETHANE,304,300,203412163.0
2286,2019,BAHÇELİEVLER,2005,HAYIR KURUMU VE MÜZE,228,225,203412163.0
2287,2019,BAKIRKÖY,1166,YABANCI TEMSİLCİLİK,8,7,174076523.0
2288,2019,BAKIRKÖY,1166,TİCARİ,25376,23883,174076523.0
2289,2019,BAKIRKÖY,1166,SANAYİ TESİSLERİ,231,231,174076523.0
2290,2019,BAKIRKÖY,1166,RESMİ KURUM,9755,9551,174076523.0
2291,2019,BAKIRKÖY,1166,MESKEN,102096,100727,174076523.0
2292,2019,BAKIRKÖY,1166,İBADETHANE,206,196,174076523.0
2293,2019,BAKIRKÖY,1166,HAYIR KURUMU VE MÜZE,148,135,174076523.0
2295,2019,BAŞAKŞEHİR,2050,TİCARİ,39292,19188,172964489.0
2296,2019,BAŞAKŞEHİR,2050,SANAYİ TESİSLERİ,885,885,172964489.0
2297,2019,BAŞAKŞEHİR,2050,RESMİ KURUM,305,2936,172964489.0
2298,2019,BAŞAKŞEHİR,2050,MESKEN,135195,132054,172964489.0
2299,2019,BAŞAKŞEHİR,2050,İBADETHANE,131,120,172964489.0
2300,2019,BAŞAKŞEHİR,2050,HAYIR KURUMU VE MÜZE,99,99,172964489.0
2302,2019,BAYRAMPAŞA,1886,TİCARİ,18506,15069,91593898.0
2303,2019,BAYRAMPAŞA,1886,SANAYİ TESİSLERİ,264,264,91593898.0
2304,2019,BAYRAMPAŞA,1886,RESMİ KURUM,2762,2736,91593898.0
2305,2019,BAYRAMPAŞA,1886,MESKEN,94267,93306,91593898.0
2306,2019,BAYRAMPAŞA,1886,İBADETHANE,280,274,91593898.0
2307,2019,BAYRAMPAŞA,1886,HAYIR KURUMU VE MÜZE,87,86,91593898.0
2308,2019,BEŞİKTAŞ,1183,YABANCI TEMSİLCİLİK,179,179,160035312.0
2309,2019,BEŞİKTAŞ,1183,TİCARİ,28618,26106,160035312.0
2310,2019,BEŞİKTAŞ,1183,SANAYİ TESİSLERİ,2682,2682,160035312.0
2311,2019,BEŞİKTAŞ,1183,RESMİ KURUM,12669,11438,160035312.0
2312,2019,BEŞİKTAŞ,1183,MESKEN,94895,91793,160035312.0
2313,2019,BEŞİKTAŞ,1183,İBADETHANE,122,120,160035312.0
2314,2019,BEŞİKTAŞ,1183,HAYIR KURUMU VE MÜZE,94,94,160035312.0
2315,2019,BEYKOZ,1185,TİCARİ,10697,9695,112027750.0
2316,2019,BEYKOZ,1185,SANAYİ TESİSLERİ,228,228,112027750.0
2317,2019,BEYKOZ,1185,RESMİ KURUM,3301,3142,112027750.0
2318,2019,BEYKOZ,1185,MESKEN,92624,88237,112027750.0
2319,2019,BEYKOZ,1185,İBADETHANE,211,210,112027750.0
2320,2019,BEYKOZ,1185,HAYIR KURUMU VE MÜZE,16,16,112027750.0
2322,2019,BEYLİKDÜZÜ,2051,TİCARİ,15131,12765,164081649.0
2323,2019,BEYLİKDÜZÜ,2051,SANAYİ TESİSLERİ,457,457,164081649.0
2324,2019,BEYLİKDÜZÜ,2051,RESMİ KURUM,2585,2504,164081649.0
2325,2019,BEYLİKDÜZÜ,2051,MESKEN,137838,134605,164081649.0
2326,2019,BEYLİKDÜZÜ,2051,İBADETHANE,88,82,164081649.0
2327,2019,BEYLİKDÜZÜ,2051,HAYIR KURUMU VE MÜZE,100,96,164081649.0
2329,2019,BEYOĞLU,1186,YABANCI TEMSİLCİLİK,475,475,101113208.0
2330,2019,BEYOĞLU,1186,TİCARİ,27473,25943,101113208.0
2331,2019,BEYOĞLU,1186,SANAYİ TESİSLERİ,347,347,101113208.0
2332,2019,BEYOĞLU,1186,RESMİ KURUM,3735,3666,101113208.0
2333,2019,BEYOĞLU,1186,MESKEN,79668,78118,101113208.0
2334,2019,BEYOĞLU,1186,İBADETHANE,181,178,101113208.0
2335,2019,BEYOĞLU,1186,HAYIR KURUMU VE MÜZE,240,238,101113208.0
2336,2019,BÜYÜKÇEKMECE,1782,TİCARİ,12648,9921,107344746.0
2337,2019,BÜYÜKÇEKMECE,1782,SANAYİ TESİSLERİ,58,58,107344746.0
2338,2019,BÜYÜKÇEKMECE,1782,RESMİ KURUM,2674,2614,107344746.0
2339,2019,BÜYÜKÇEKMECE,1782,MESKEN,116142,109701,107344746.0
2340,2019,BÜYÜKÇEKMECE,1782,İBADETHANE,86,81,107344746.0
2341,2019,BÜYÜKÇEKMECE,1782,HAYIR KURUMU VE MÜZE,103,99,107344746.0
2342,2019,ÇATALCA,1237,TİCARİ,2864,1983,30088737.0
2343,2019,ÇATALCA,1237,SANAYİ TESİSLERİ,93,93,30088737.0
2344,2019,ÇATALCA,1237,RESMİ KURUM,721,702,30088737.0
2345,2019,ÇATALCA,1237,MESKEN,23141,22155,30088737.0
2346,2019,ÇATALCA,1237,İBADETHANE,32,32,30088737.0
2347,2019,ÇATALCA,1237,HAYIR KURUMU VE MÜZE,27,6,30088737.0
2348,2019,ÇEKMEKÖY,2052,TİCARİ,9444,7656,98539474.0
2349,2019,ÇEKMEKÖY,2052,SANAYİ TESİSLERİ,121,121,98539474.0
2350,2019,ÇEKMEKÖY,2052,RESMİ KURUM,2654,2631,98539474.0
2351,2019,ÇEKMEKÖY,2052,MESKEN,101823,97305,98539474.0
2352,2019,ÇEKMEKÖY,2052,İBADETHANE,98,80,98539474.0
2353,2019,ÇEKMEKÖY,2052,HAYIR KURUMU VE MÜZE,33,33,98539474.0
2354,2019,ESENLER,2016,TİCARİ,11629,9875,114014183.0
2355,2019,ESENLER,2016,SANAYİ TESİSLERİ,766,766,114014183.0
2356,2019,ESENLER,2016,RESMİ KURUM,3374,2692,114014183.0
2357,2019,ESENLER,2016,MESKEN,135148,134537,114014183.0
2358,2019,ESENLER,2016,İBADETHANE,82,81,114014183.0
2359,2019,ESENLER,2016,HAYIR KURUMU VE MÜZE,141,139,114014183.0
2361,2019,ESENYURT,2053,TİCARİ,35013,25527,402317076.0
2362,2019,ESENYURT,2053,SANAYİ TESİSLERİ,4748,4748,402317076.0
2363,2019,ESENYURT,2053,RESMİ KURUM,3219,2988,402317076.0
2364,2019,ESENYURT,2053,MESKEN,349472,335846,402317076.0
2365,2019,ESENYURT,2053,İBADETHANE,166,127,402317076.0
2366,2019,ESENYURT,2053,HAYIR KURUMU VE MÜZE,168,169,402317076.0
2367,2019,EYÜPSULTAN,1325,DİĞER,83,31,159182362.0
2368,2019,EYÜPSULTAN,1325,TİCARİ,11886,10331,159182362.0
2369,2019,EYÜPSULTAN,1325,SANAYİ TESİSLERİ,229,229,159182362.0
2370,2019,EYÜPSULTAN,1325,RESMİ KURUM,4147,3888,159182362.0
2371,2019,EYÜPSULTAN,1325,MESKEN,145385,142289,159182362.0
2372,2019,EYÜPSULTAN,1325,İBADETHANE,143,147,159182362.0
2373,2019,EYÜPSULTAN,1325,HAYIR KURUMU VE MÜZE,297,295,159182362.0
2374,2019,FATİH,1327,YABANCI TEMSİLCİLİK,20,20,162371543.0
2375,2019,FATİH,1327,TİCARİ,38592,36623,162371543.0
2376,2019,FATİH,1327,SANAYİ TESİSLERİ,184,184,162371543.0
2377,2019,FATİH,1327,RESMİ KURUM,18731,15245,162371543.0
2378,2019,FATİH,1327,MESKEN,143667,141044,162371543.0
2379,2019,FATİH,1327,İBADETHANE,738,717,162371543.0
2380,2019,FATİH,1327,HAYIR KURUMU VE MÜZE,894,839,162371543.0
2381,2019,GAZİOSMANPAŞA,1336,TİCARİ,10901,9676,147383179.0
2382,2019,GAZİOSMANPAŞA,1336,SANAYİ TESİSLERİ,109,109,147383179.0
2383,2019,GAZİOSMANPAŞA,1336,RESMİ KURUM,1915,184,147383179.0
2384,2019,GAZİOSMANPAŞA,1336,MESKEN,155852,154082,147383179.0
2385,2019,GAZİOSMANPAŞA,1336,İBADETHANE,182,174,147383179.0
2386,2019,GAZİOSMANPAŞA,1336,HAYIR KURUMU VE MÜZE,257,257,147383179.0
2387,2019,GÜNGÖREN,2010,TİCARİ,15843,14329,99646894.0
2388,2019,GÜNGÖREN,2010,SANAYİ TESİSLERİ,637,637,99646894.0
2389,2019,GÜNGÖREN,2010,RESMİ KURUM,1631,1599,99646894.0
2390,2019,GÜNGÖREN,2010,MESKEN,97971,96957,99646894.0
2391,2019,GÜNGÖREN,2010,İBADETHANE,213,205,99646894.0
2392,2019,GÜNGÖREN,2010,HAYIR KURUMU VE MÜZE,73,73,99646894.0
2393,2019,KADIKÖY,1421,TİCARİ,31695,28899,279060946.0
2394,2019,KADIKÖY,1421,SANAYİ TESİSLERİ,42,42,279060946.0
2395,2019,KADIKÖY,1421,RESMİ KURUM,8615,8453,279060946.0
2396,2019,KADIKÖY,1421,MESKEN,259619,244007,279060946.0
2397,2019,KADIKÖY,1421,İBADETHANE,270,251,279060946.0
2398,2019,KADIKÖY,1421,HAYIR KURUMU VE MÜZE,226,222,279060946.0
2399,2019,KAĞITHANE,1810,YABANCI TEMSİLCİLİK,8,8,154346748.0
2400,2019,KAĞITHANE,1810,TİCARİ,19064,171,154346748.0
2401,2019,KAĞITHANE,1810,SANAYİ TESİSLERİ,15,15,154346748.0
2402,2019,KAĞITHANE,1810,RESMİ KURUM,2655,2593,154346748.0
2403,2019,KAĞITHANE,1810,MESKEN,162753,159045,154346748.0
2404,2019,KAĞITHANE,1810,İBADETHANE,299,297,154346748.0
2405,2019,KAĞITHANE,1810,HAYIR KURUMU VE MÜZE,112,112,154346748.0
2406,2019,KARTAL,1449,TİCARİ,15594,13827,170733147.0
2407,2019,KARTAL,1449,SANAYİ TESİSLERİ,138,138,170733147.0
2408,2019,KARTAL,1449,RESMİ KURUM,10259,9853,170733147.0
2409,2019,KARTAL,1449,MESKEN,185861,181444,170733147.0
2410,2019,KARTAL,1449,İBADETHANE,208,183,170733147.0
2411,2019,KARTAL,1449,HAYIR KURUMU VE MÜZE,263,263,170733147.0
2413,2019,KÜÇÜKÇEKMECE,1823,TİCARİ,2059,17954,280746600.0
2414,2019,KÜÇÜKÇEKMECE,1823,SANAYİ TESİSLERİ,376,376,280746600.0
2415,2019,KÜÇÜKÇEKMECE,1823,RESMİ KURUM,7482,7405,280746600.0
2416,2019,KÜÇÜKÇEKMECE,1823,MESKEN,273772,270695,280746600.0
2417,2019,KÜÇÜKÇEKMECE,1823,İBADETHANE,216,212,280746600.0
2418,2019,KÜÇÜKÇEKMECE,1823,HAYIR KURUMU VE MÜZE,344,334,280746600.0
2420,2019,MALTEPE,2012,TİCARİ,19294,17511,189242432.0
2421,2019,MALTEPE,2012,SANAYİ TESİSLERİ,3,3,189242432.0
2422,2019,MALTEPE,2012,RESMİ KURUM,6796,6652,189242432.0
2423,2019,MALTEPE,2012,MESKEN,201965,196969,189242432.0
2424,2019,MALTEPE,2012,İBADETHANE,225,214,189242432.0
2425,2019,MALTEPE,2012,HAYIR KURUMU VE MÜZE,212,212,189242432.0
2426,2019,PENDİK,1835,TİCARİ,32136,27487,297226348.0
2427,2019,PENDİK,1835,SANAYİ TESİSLERİ,220,219,297226348.0
2428,2019,PENDİK,1835,RESMİ KURUM,7917,7523,297226348.0
2429,2019,PENDİK,1835,MESKEN,252802,246867,297226348.0
2430,2019,PENDİK,1835,İBADETHANE,225,210,297226348.0
2431,2019,PENDİK,1835,HAYIR KURUMU VE MÜZE,160,158,297226348.0
2432,2019,SANCAKTEPE,2054,TİCARİ,14104,11653,150265274.0
2433,2019,SANCAKTEPE,2054,SANAYİ TESİSLERİ,378,378,150265274.0
2434,2019,SANCAKTEPE,2054,RESMİ KURUM,2529,2366,150265274.0
2435,2019,SANCAKTEPE,2054,MESKEN,146871,142672,150265274.0
2436,2019,SANCAKTEPE,2054,İBADETHANE,176,168,150265274.0
2437,2019,SANCAKTEPE,2054,HAYIR KURUMU VE MÜZE,69,69,150265274.0
2438,2019,SARIYER,1604,YABANCI TEMSİLCİLİK,193,193,201159864.0
2439,2019,SARIYER,1604,TİCARİ,24947,22947,201159864.0
2440,2019,SARIYER,1604,SANAYİ TESİSLERİ,1033,1033,201159864.0
2441,2019,SARIYER,1604,RESMİ KURUM,11032,10652,201159864.0
2442,2019,SARIYER,1604,MESKEN,14874,143257,201159864.0
2443,2019,SARIYER,1604,İBADETHANE,197,190,201159864.0
2444,2019,SARIYER,1604,HAYIR KURUMU VE MÜZE,139,138,201159864.0
2445,2019,SİLİVRİ,1622,TİCARİ,10086,8948,114524174.0
2446,2019,SİLİVRİ,1622,SANAYİ TESİSLERİ,493,493,114524174.0
2447,2019,SİLİVRİ,1622,RESMİ KURUM,7034,7076,114524174.0
2448,2019,SİLİVRİ,1622,MESKEN,84719,7826,114524174.0
2449,2019,SİLİVRİ,1622,İBADETHANE,58,56,114524174.0
2450,2019,SULTANBEYLİ,2014,TİCARİ,8948,5998,87110817.0
2451,2019,SULTANBEYLİ,2014,SANAYİ TESİSLERİ,24,24,87110817.0
2452,2019,SULTANBEYLİ,2014,RESMİ KURUM,2075,198,87110817.0
2453,2019,SULTANBEYLİ,2014,MESKEN,91136,88986,87110817.0
2454,2019,SULTANBEYLİ,2014,İBADETHANE,223,208,87110817.0
2455,2019,SULTANBEYLİ,2014,HAYIR KURUMU VE MÜZE,17,16,87110817.0
2456,2019,SULTANGAZİ,2055,TİCARİ,11383,8475,148191054.0
2457,2019,SULTANGAZİ,2055,SANAYİ TESİSLERİ,149,149,148191054.0
2458,2019,SULTANGAZİ,2055,RESMİ KURUM,2869,2712,148191054.0
2459,2019,SULTANGAZİ,2055,MESKEN,158745,156804,148191054.0
2460,2019,SULTANGAZİ,2055,İBADETHANE,146,131,148191054.0
2461,2019,SULTANGAZİ,2055,HAYIR KURUMU VE MÜZE,120,115,148191054.0
2462,2019,ŞİLE,1659,TİCARİ,2634,2151,20559644.0
2463,2019,ŞİLE,1659,SANAYİ TESİSLERİ,3,3,20559644.0
2464,2019,ŞİLE,1659,RESMİ KURUM,1119,941,20559644.0
2465,2019,ŞİLE,1659,MESKEN,21623,20324,20559644.0
2466,2019,ŞİLE,1659,İBADETHANE,41,37,20559644.0
2467,2019,ŞİLE,1659,HAYIR KURUMU VE MÜZE,11,10,20559644.0
2468,2019,ŞİŞLİ,1663,YABANCI TEMSİLCİLİK,114,114,166732761.0
2469,2019,ŞİŞLİ,1663,TİCARİ,48171,43068,166732761.0
2470,2019,ŞİŞLİ,1663,SANAYİ TESİSLERİ,260,260,166732761.0
2471,2019,ŞİŞLİ,1663,RESMİ KURUM,9188,9133,166732761.0
2472,2019,ŞİŞLİ,1663,MESKEN,133158,130024,166732761.0
2473,2019,ŞİŞLİ,1663,İBADETHANE,156,148,166732761.0
2474,2019,ŞİŞLİ,1663,HAYIR KURUMU VE MÜZE,337,336,166732761.0
2476,2019,TUZLA,2015,TİCARİ,26087,17826,213665912.0
2477,2019,TUZLA,2015,SANAYİ TESİSLERİ,717,717,213665912.0
2478,2019,TUZLA,2015,RESMİ KURUM,5609,5488,213665912.0
2479,2019,TUZLA,2015,MESKEN,103052,97962,213665912.0
2480,2019,TUZLA,2015,İBADETHANE,115,112,213665912.0
2481,2019,TUZLA,2015,HAYIR KURUMU VE MÜZE,32,32,213665912.0
2483,2019,ÜMRANİYE,1852,TİCARİ,40873,33423,259753092.0
2484,2019,ÜMRANİYE,1852,SANAYİ TESİSLERİ,641,641,259753092.0
2485,2019,ÜMRANİYE,1852,RESMİ KURUM,4276,4142,259753092.0
2486,2019,ÜMRANİYE,1852,MESKEN,251302,24631,259753092.0
2487,2019,ÜMRANİYE,1852,İBADETHANE,316,304,259753092.0
2488,2019,ÜMRANİYE,1852,HAYIR KURUMU VE MÜZE,233,219,259753092.0
2489,2019,ÜSKÜDAR,1708,TİCARİ,24594,22101,233684311.0
2490,2019,ÜSKÜDAR,1708,SANAYİ TESİSLERİ,2,2,233684311.0
2491,2019,ÜSKÜDAR,1708,RESMİ KURUM,9211,8828,233684311.0
2492,2019,ÜSKÜDAR,1708,MESKEN,20742,201002,233684311.0
2493,2019,ÜSKÜDAR,1708,İBADETHANE,404,375,233684311.0
2494,2019,ÜSKÜDAR,1708,HAYIR KURUMU VE MÜZE,469,460,233684311.0
2495,2019,ZEYTİNBURNU,1739,TİCARİ,16093,14498,109626482.0
2496,2019,ZEYTİNBURNU,1739,SANAYİ TESİSLERİ,89,89,109626482.0
2497,2019,ZEYTİNBURNU,1739,RESMİ KURUM,4869,4349,109626482.0
2498,2019,ZEYTİNBURNU,1739,MESKEN,91864,8915,109626482.0
2499,2019,ZEYTİNBURNU,1739,İBADETHANE,95,95,109626482.0
2500,2019,ZEYTİNBURNU,1739,HAYIR KURUMU VE MÜZE,163,92,109626482.0
2501,2020,ADALAR,1103,YABANCI TEMSİLCİLİK,7,7,3308931.0
2502,2020,ADALAR,1103,TİCARİ,756,733,3308931.0
2503,2020,ADALAR,1103,RESMİ KURUM,357,350,3308931.0
2504,2020,ADALAR,1103,MESKEN,8456,8298,3308931.0
2505,2020,ADALAR,1103,İBADETHANE,9,8,3308931.0
2506,2020,ADALAR,1103,HAYIR KURUMU VE MÜZE,24,24,3308931.0
2507,2020,ARNAVUTKÖY,2048,TİCARİ,3162,28458,81427897.0
2508,2020,ARNAVUTKÖY,2048,SANAYİ TESİSLERİ,1693,1596,81427897.0
2509,2020,ARNAVUTKÖY,2048,RESMİ KURUM,2307,2187,81427897.0
2510,2020,ARNAVUTKÖY,2048,MESKEN,90872,87417,81427897.0
2511,2020,ARNAVUTKÖY,2048,İBADETHANE,119,107,81427897.0
2512,2020,ARNAVUTKÖY,2048,HAYIR KURUMU VE MÜZE,61,52,81427897.0
2513,2020,ATAŞEHİR,2049,TİCARİ,27209,24029,108000452.0
2514,2020,ATAŞEHİR,2049,SANAYİ TESİSLERİ,93,93,108000452.0
2515,2020,ATAŞEHİR,2049,RESMİ KURUM,3184,3136,108000452.0
2516,2020,ATAŞEHİR,2049,MESKEN,162043,159459,108000452.0
2517,2020,ATAŞEHİR,2049,İBADETHANE,156,146,108000452.0
2518,2020,ATAŞEHİR,2049,HAYIR KURUMU VE MÜZE,77,44,108000452.0
2519,2020,AVCILAR,2003,TİCARİ,14708,12434,93754328.0
2520,2020,AVCILAR,2003,SANAYİ TESİSLERİ,2183,2183,93754328.0
2521,2020,AVCILAR,2003,RESMİ KURUM,571,561,93754328.0
2522,2020,AVCILAR,2003,MESKEN,152452,150035,93754328.0
2523,2020,AVCILAR,2003,İBADETHANE,38,37,93754328.0
2524,2020,AVCILAR,2003,HAYIR KURUMU VE MÜZE,128,124,93754328.0
2525,2020,BAĞCILAR,2004,TİCARİ,31869,26869,133615742.0
2526,2020,BAĞCILAR,2004,SANAYİ TESİSLERİ,891,891,133615742.0
2527,2020,BAĞCILAR,2004,RESMİ KURUM,5755,5734,133615742.0
2528,2020,BAĞCILAR,2004,MESKEN,228188,223451,133615742.0
2529,2020,BAĞCILAR,2004,İBADETHANE,190,185,133615742.0
2530,2020,BAĞCILAR,2004,HAYIR KURUMU VE MÜZE,188,184,133615742.0
2531,2020,BAHÇELİEVLER,2005,TİCARİ,27152,24265,122950516.0
2532,2020,BAHÇELİEVLER,2005,SANAYİ TESİSLERİ,1139,1139,122950516.0
2533,2020,BAHÇELİEVLER,2005,RESMİ KURUM,4823,4716,122950516.0
2534,2020,BAHÇELİEVLER,2005,MESKEN,205841,203372,122950516.0
2535,2020,BAHÇELİEVLER,2005,İBADETHANE,304,300,122950516.0
2536,2020,BAHÇELİEVLER,2005,HAYIR KURUMU VE MÜZE,228,225,122950516.0
2537,2020,BAKIRKÖY,1166,YABANCI TEMSİLCİLİK,8,7,97814263.0
2538,2020,BAKIRKÖY,1166,TİCARİ,25376,23883,97814263.0
2539,2020,BAKIRKÖY,1166,SANAYİ TESİSLERİ,231,231,97814263.0
2540,2020,BAKIRKÖY,1166,RESMİ KURUM,9755,9551,97814263.0
2541,2020,BAKIRKÖY,1166,MESKEN,102096,100727,97814263.0
2542,2020,BAKIRKÖY,1166,İBADETHANE,206,196,97814263.0
2543,2020,BAKIRKÖY,1166,HAYIR KURUMU VE MÜZE,148,135,97814263.0
2545,2020,BAŞAKŞEHİR,2050,TİCARİ,39292,19188,97001400.0
2546,2020,BAŞAKŞEHİR,2050,SANAYİ TESİSLERİ,885,885,97001400.0
2547,2020,BAŞAKŞEHİR,2050,RESMİ KURUM,305,2936,97001400.0
2548,2020,BAŞAKŞEHİR,2050,MESKEN,135195,132054,97001400.0
2549,2020,BAŞAKŞEHİR,2050,İBADETHANE,131,120,97001400.0
2550,2020,BAŞAKŞEHİR,2050,HAYIR KURUMU VE MÜZE,99,99,97001400.0
2552,2020,BAYRAMPAŞA,1886,TİCARİ,18506,15069,54929994.0
2553,2020,BAYRAMPAŞA,1886,SANAYİ TESİSLERİ,264,264,54929994.0
2554,2020,BAYRAMPAŞA,1886,RESMİ KURUM,2762,2736,54929994.0
2555,2020,BAYRAMPAŞA,1886,MESKEN,94267,93306,54929994.0
2556,2020,BAYRAMPAŞA,1886,İBADETHANE,280,274,54929994.0
2557,2020,BAYRAMPAŞA,1886,HAYIR KURUMU VE MÜZE,87,86,54929994.0
2558,2020,BEŞİKTAŞ,1183,YABANCI TEMSİLCİLİK,179,179,92363555.0
2559,2020,BEŞİKTAŞ,1183,TİCARİ,28618,26106,92363555.0
2560,2020,BEŞİKTAŞ,1183,SANAYİ TESİSLERİ,2682,2682,92363555.0
2561,2020,BEŞİKTAŞ,1183,RESMİ KURUM,12669,11438,92363555.0
2562,2020,BEŞİKTAŞ,1183,MESKEN,94895,91793,92363555.0
2563,2020,BEŞİKTAŞ,1183,İBADETHANE,122,120,92363555.0
2564,2020,BEŞİKTAŞ,1183,HAYIR KURUMU VE MÜZE,94,94,92363555.0
2565,2020,BEYKOZ,1185,TİCARİ,10697,9695,68443741.0
2566,2020,BEYKOZ,1185,SANAYİ TESİSLERİ,228,228,68443741.0
2567,2020,BEYKOZ,1185,RESMİ KURUM,3301,3142,68443741.0
2568,2020,BEYKOZ,1185,MESKEN,92624,88237,68443741.0
2569,2020,BEYKOZ,1185,İBADETHANE,211,210,68443741.0
2570,2020,BEYKOZ,1185,HAYIR KURUMU VE MÜZE,16,16,68443741.0
2572,2020,BEYLİKDÜZÜ,2051,TİCARİ,15131,12765,94468623.0
2573,2020,BEYLİKDÜZÜ,2051,SANAYİ TESİSLERİ,457,457,94468623.0
2574,2020,BEYLİKDÜZÜ,2051,RESMİ KURUM,2585,2504,94468623.0
2575,2020,BEYLİKDÜZÜ,2051,MESKEN,137838,134605,94468623.0
2576,2020,BEYLİKDÜZÜ,2051,İBADETHANE,88,82,94468623.0
2577,2020,BEYLİKDÜZÜ,2051,HAYIR KURUMU VE MÜZE,100,96,94468623.0
2579,2020,BEYOĞLU,1186,YABANCI TEMSİLCİLİK,475,475,56817443.0
2580,2020,BEYOĞLU,1186,TİCARİ,27473,25943,56817443.0
2581,2020,BEYOĞLU,1186,SANAYİ TESİSLERİ,347,347,56817443.0
2582,2020,BEYOĞLU,1186,RESMİ KURUM,3735,3666,56817443.0
2583,2020,BEYOĞLU,1186,MESKEN,79668,78118,56817443.0
2584,2020,BEYOĞLU,1186,İBADETHANE,181,178,56817443.0
2585,2020,BEYOĞLU,1186,HAYIR KURUMU VE MÜZE,240,238,56817443.0
2586,2020,BÜYÜKÇEKMECE,1782,TİCARİ,12648,9921,68976264.0
2587,2020,BÜYÜKÇEKMECE,1782,SANAYİ TESİSLERİ,58,58,68976264.0
2588,2020,BÜYÜKÇEKMECE,1782,RESMİ KURUM,2674,2614,68976264.0
2589,2020,BÜYÜKÇEKMECE,1782,MESKEN,116142,109701,68976264.0
2590,2020,BÜYÜKÇEKMECE,1782,İBADETHANE,86,81,68976264.0
2591,2020,BÜYÜKÇEKMECE,1782,HAYIR KURUMU VE MÜZE,103,99,68976264.0
2592,2020,ÇATALCA,1237,TİCARİ,2864,1983,17284632.0
2593,2020,ÇATALCA,1237,SANAYİ TESİSLERİ,93,93,17284632.0
2594,2020,ÇATALCA,1237,RESMİ KURUM,721,702,17284632.0
2595,2020,ÇATALCA,1237,MESKEN,23141,22155,17284632.0
2596,2020,ÇATALCA,1237,İBADETHANE,32,32,17284632.0
2597,2020,ÇATALCA,1237,HAYIR KURUMU VE MÜZE,27,6,17284632.0
2598,2020,ÇEKMEKÖY,2052,TİCARİ,9444,7656,60959054.0
2599,2020,ÇEKMEKÖY,2052,SANAYİ TESİSLERİ,121,121,60959054.0
2600,2020,ÇEKMEKÖY,2052,RESMİ KURUM,2654,2631,60959054.0
2601,2020,ÇEKMEKÖY,2052,MESKEN,101823,97305,60959054.0
2602,2020,ÇEKMEKÖY,2052,İBADETHANE,98,80,60959054.0
2603,2020,ÇEKMEKÖY,2052,HAYIR KURUMU VE MÜZE,33,33,60959054.0
2604,2020,ESENLER,2016,TİCARİ,11629,9875,72316611.0
2605,2020,ESENLER,2016,SANAYİ TESİSLERİ,766,766,72316611.0
2606,2020,ESENLER,2016,RESMİ KURUM,3374,2692,72316611.0
2607,2020,ESENLER,2016,MESKEN,135148,134537,72316611.0
2608,2020,ESENLER,2016,İBADETHANE,82,81,72316611.0
2609,2020,ESENLER,2016,HAYIR KURUMU VE MÜZE,141,139,72316611.0
2611,2020,ESENYURT,2053,TİCARİ,35013,25527,212778753.0
2612,2020,ESENYURT,2053,SANAYİ TESİSLERİ,4748,4748,212778753.0
2613,2020,ESENYURT,2053,RESMİ KURUM,3219,2988,212778753.0
2614,2020,ESENYURT,2053,MESKEN,349472,335846,212778753.0
2615,2020,ESENYURT,2053,İBADETHANE,166,127,212778753.0
2616,2020,ESENYURT,2053,HAYIR KURUMU VE MÜZE,168,169,212778753.0
2617,2020,EYÜPSULTAN,1325,DİĞER,83,31,88389916.0
2618,2020,EYÜPSULTAN,1325,TİCARİ,11886,10331,88389916.0
2619,2020,EYÜPSULTAN,1325,SANAYİ TESİSLERİ,229,229,88389916.0
2620,2020,EYÜPSULTAN,1325,RESMİ KURUM,4147,3888,88389916.0
2621,2020,EYÜPSULTAN,1325,MESKEN,145385,142289,88389916.0
2622,2020,EYÜPSULTAN,1325,İBADETHANE,143,147,88389916.0
2623,2020,EYÜPSULTAN,1325,HAYIR KURUMU VE MÜZE,297,295,88389916.0
2624,2020,FATİH,1327,YABANCI TEMSİLCİLİK,20,20,92139303.0
2625,2020,FATİH,1327,TİCARİ,38592,36623,92139303.0
2626,2020,FATİH,1327,SANAYİ TESİSLERİ,184,184,92139303.0
2627,2020,FATİH,1327,RESMİ KURUM,18731,15245,92139303.0
2628,2020,FATİH,1327,MESKEN,143667,141044,92139303.0
2629,2020,FATİH,1327,İBADETHANE,738,717,92139303.0
2630,2020,FATİH,1327,HAYIR KURUMU VE MÜZE,894,839,92139303.0
2631,2020,GAZİOSMANPAŞA,1336,TİCARİ,10901,9676,88454723.0
2632,2020,GAZİOSMANPAŞA,1336,SANAYİ TESİSLERİ,109,109,88454723.0
2633,2020,GAZİOSMANPAŞA,1336,RESMİ KURUM,1915,184,88454723.0
2634,2020,GAZİOSMANPAŞA,1336,MESKEN,155852,154082,88454723.0
2635,2020,GAZİOSMANPAŞA,1336,İBADETHANE,182,174,88454723.0
2636,2020,GAZİOSMANPAŞA,1336,HAYIR KURUMU VE MÜZE,257,257,88454723.0
2637,2020,GÜNGÖREN,2010,TİCARİ,15843,14329,57034736.0
2638,2020,GÜNGÖREN,2010,SANAYİ TESİSLERİ,637,637,57034736.0
2639,2020,GÜNGÖREN,2010,RESMİ KURUM,1631,1599,57034736.0
2640,2020,GÜNGÖREN,2010,MESKEN,97971,96957,57034736.0
2641,2020,GÜNGÖREN,2010,İBADETHANE,213,205,57034736.0
2642,2020,GÜNGÖREN,2010,HAYIR KURUMU VE MÜZE,73,73,57034736.0
2643,2020,KADIKÖY,1421,TİCARİ,31695,28899,185368576.0
2644,2020,KADIKÖY,1421,SANAYİ TESİSLERİ,42,42,185368576.0
2645,2020,KADIKÖY,1421,RESMİ KURUM,8615,8453,185368576.0
2646,2020,KADIKÖY,1421,MESKEN,259619,244007,185368576.0
2647,2020,KADIKÖY,1421,İBADETHANE,270,251,185368576.0
2648,2020,KADIKÖY,1421,HAYIR KURUMU VE MÜZE,226,222,185368576.0
2649,2020,KAĞITHANE,1810,YABANCI TEMSİLCİLİK,8,8,92531023.0
2650,2020,KAĞITHANE,1810,TİCARİ,19064,171,92531023.0
2651,2020,KAĞITHANE,1810,SANAYİ TESİSLERİ,15,15,92531023.0
2652,2020,KAĞITHANE,1810,RESMİ KURUM,2655,2593,92531023.0
2653,2020,KAĞITHANE,1810,MESKEN,162753,159045,92531023.0
2654,2020,KAĞITHANE,1810,İBADETHANE,299,297,92531023.0
2655,2020,KAĞITHANE,1810,HAYIR KURUMU VE MÜZE,112,112,92531023.0
2656,2020,KARTAL,1449,TİCARİ,15594,13827,110359967.0
2657,2020,KARTAL,1449,SANAYİ TESİSLERİ,138,138,110359967.0
2658,2020,KARTAL,1449,RESMİ KURUM,10259,9853,110359967.0
2659,2020,KARTAL,1449,MESKEN,185861,181444,110359967.0
2660,2020,KARTAL,1449,İBADETHANE,208,183,110359967.0
2661,2020,KARTAL,1449,HAYIR KURUMU VE MÜZE,263,263,110359967.0
2663,2020,KÜÇÜKÇEKMECE,1823,TİCARİ,2059,17954,163846948.0
2664,2020,KÜÇÜKÇEKMECE,1823,SANAYİ TESİSLERİ,376,376,163846948.0
2665,2020,KÜÇÜKÇEKMECE,1823,RESMİ KURUM,7482,7405,163846948.0
2666,2020,KÜÇÜKÇEKMECE,1823,MESKEN,273772,270695,163846948.0
2667,2020,KÜÇÜKÇEKMECE,1823,İBADETHANE,216,212,163846948.0
2668,2020,KÜÇÜKÇEKMECE,1823,HAYIR KURUMU VE MÜZE,344,334,163846948.0
2670,2020,MALTEPE,2012,TİCARİ,19294,17511,120846797.0
2671,2020,MALTEPE,2012,SANAYİ TESİSLERİ,3,3,120846797.0
2672,2020,MALTEPE,2012,RESMİ KURUM,6796,6652,120846797.0
2673,2020,MALTEPE,2012,MESKEN,201965,196969,120846797.0
2674,2020,MALTEPE,2012,İBADETHANE,225,214,120846797.0
2675,2020,MALTEPE,2012,HAYIR KURUMU VE MÜZE,212,212,120846797.0
2676,2020,PENDİK,1835,TİCARİ,32136,27487,171416653.0
2677,2020,PENDİK,1835,SANAYİ TESİSLERİ,220,219,171416653.0
2678,2020,PENDİK,1835,RESMİ KURUM,7917,7523,171416653.0
2679,2020,PENDİK,1835,MESKEN,252802,246867,171416653.0
2680,2020,PENDİK,1835,İBADETHANE,225,210,171416653.0
2681,2020,PENDİK,1835,HAYIR KURUMU VE MÜZE,160,158,171416653.0
2682,2020,SANCAKTEPE,2054,TİCARİ,14104,11653,89871883.0
2683,2020,SANCAKTEPE,2054,SANAYİ TESİSLERİ,378,378,89871883.0
2684,2020,SANCAKTEPE,2054,RESMİ KURUM,2529,2366,89871883.0
2685,2020,SANCAKTEPE,2054,MESKEN,146871,142672,89871883.0
2686,2020,SANCAKTEPE,2054,İBADETHANE,176,168,89871883.0
2687,2020,SANCAKTEPE,2054,HAYIR KURUMU VE MÜZE,69,69,89871883.0
2688,2020,SARIYER,1604,YABANCI TEMSİLCİLİK,193,193,119784967.0
2689,2020,SARIYER,1604,TİCARİ,24947,22947,119784967.0
2690,2020,SARIYER,1604,SANAYİ TESİSLERİ,1033,1033,119784967.0
2691,2020,SARIYER,1604,RESMİ KURUM,11032,10652,119784967.0
2692,2020,SARIYER,1604,MESKEN,14874,143257,119784967.0
2693,2020,SARIYER,1604,İBADETHANE,197,190,119784967.0
2694,2020,SARIYER,1604,HAYIR KURUMU VE MÜZE,139,138,119784967.0
2695,2020,SİLİVRİ,1622,TİCARİ,10086,8948,59619074.0
2696,2020,SİLİVRİ,1622,SANAYİ TESİSLERİ,493,493,59619074.0
2697,2020,SİLİVRİ,1622,RESMİ KURUM,7034,7076,59619074.0
2698,2020,SİLİVRİ,1622,MESKEN,84719,7826,59619074.0
2699,2020,SİLİVRİ,1622,İBADETHANE,58,56,59619074.0
2700,2020,SULTANBEYLİ,2014,TİCARİ,8948,5998,54990963.0
2701,2020,SULTANBEYLİ,2014,SANAYİ TESİSLERİ,24,24,54990963.0
2702,2020,SULTANBEYLİ,2014,RESMİ KURUM,2075,198,54990963.0
2703,2020,SULTANBEYLİ,2014,MESKEN,91136,88986,54990963.0
2704,2020,SULTANBEYLİ,2014,İBADETHANE,223,208,54990963.0
2705,2020,SULTANBEYLİ,2014,HAYIR KURUMU VE MÜZE,17,16,54990963.0
2706,2020,SULTANGAZİ,2055,TİCARİ,11383,8475,90522408.0
2707,2020,SULTANGAZİ,2055,SANAYİ TESİSLERİ,149,149,90522408.0
2708,2020,SULTANGAZİ,2055,RESMİ KURUM,2869,2712,90522408.0
2709,2020,SULTANGAZİ,2055,MESKEN,158745,156804,90522408.0
2710,2020,SULTANGAZİ,2055,İBADETHANE,146,131,90522408.0
2711,2020,SULTANGAZİ,2055,HAYIR KURUMU VE MÜZE,120,115,90522408.0
2712,2020,ŞİLE,1659,TİCARİ,2634,2151,11154142.0
2713,2020,ŞİLE,1659,SANAYİ TESİSLERİ,3,3,11154142.0
2714,2020,ŞİLE,1659,RESMİ KURUM,1119,941,11154142.0
2715,2020,ŞİLE,1659,MESKEN,21623,20324,11154142.0
2716,2020,ŞİLE,1659,İBADETHANE,41,37,11154142.0
2717,2020,ŞİLE,1659,HAYIR KURUMU VE MÜZE,11,10,11154142.0
2718,2020,ŞİŞLİ,1663,YABANCI TEMSİLCİLİK,114,114,99477293.0
2719,2020,ŞİŞLİ,1663,TİCARİ,48171,43068,99477293.0
2720,2020,ŞİŞLİ,1663,SANAYİ TESİSLERİ,260,260,99477293.0
2721,2020,ŞİŞLİ,1663,RESMİ KURUM,9188,9133,99477293.0
2722,2020,ŞİŞLİ,1663,MESKEN,133158,130024,99477293.0
2723,2020,ŞİŞLİ,1663,İBADETHANE,156,148,99477293.0
2724,2020,ŞİŞLİ,1663,HAYIR KURUMU VE MÜZE,337,336,99477293.0
2726,2020,TUZLA,2015,TİCARİ,26087,17826,105192263.0
2727,2020,TUZLA,2015,SANAYİ TESİSLERİ,717,717,105192263.0
2728,2020,TUZLA,2015,RESMİ KURUM,5609,5488,105192263.0
2729,2020,TUZLA,2015,MESKEN,103052,97962,105192263.0
2730,2020,TUZLA,2015,İBADETHANE,115,112,105192263.0
2731,2020,TUZLA,2015,HAYIR KURUMU VE MÜZE,32,32,105192263.0
2733,2020,ÜMRANİYE,1852,TİCARİ,40873,33423,160787350.0
2734,2020,ÜMRANİYE,1852,SANAYİ TESİSLERİ,641,641,160787350.0
2735,2020,ÜMRANİYE,1852,RESMİ KURUM,4276,4142,160787350.0
2736,2020,ÜMRANİYE,1852,MESKEN,251302,24631,160787350.0
2737,2020,ÜMRANİYE,1852,İBADETHANE,316,304,160787350.0
2738,2020,ÜMRANİYE,1852,HAYIR KURUMU VE MÜZE,233,219,160787350.0
2739,2020,ÜSKÜDAR,1708,TİCARİ,24594,22101,145127618.0
2740,2020,ÜSKÜDAR,1708,SANAYİ TESİSLERİ,2,2,145127618.0
2741,2020,ÜSKÜDAR,1708,RESMİ KURUM,9211,8828,145127618.0
2742,2020,ÜSKÜDAR,1708,MESKEN,20742,201002,145127618.0
2743,2020,ÜSKÜDAR,1708,İBADETHANE,404,375,145127618.0
2744,2020,ÜSKÜDAR,1708,HAYIR KURUMU VE MÜZE,469,460,145127618.0
2745,2020,ZEYTİNBURNU,1739,TİCARİ,16093,14498,60802850.0
2746,2020,ZEYTİNBURNU,1739,SANAYİ TESİSLERİ,89,89,60802850.0
2747,2020,ZEYTİNBURNU,1739,RESMİ KURUM,4869,4349,60802850.0
2748,2020,ZEYTİNBURNU,1739,MESKEN,91864,8915,60802850.0
2749,2020,ZEYTİNBURNU,1739,İBADETHANE,95,95,60802850.0
2750,2020,ZEYTİNBURNU,1739,HAYIR KURUMU VE MÜZE,163,92,60802850.0
